codigo_producto,descripcion_producto,ingrediente_forma,tipo_proyecto,subcategoria,categoria,tamaño_corte,peso_neto_caja,tamaño_paquete,cantidad_paquetes,peso_neto_paquete,caja_tipo_id
BR0001,"5 bolsas de 2,5 kg | Bastones rectos de brocoli 6x6 mm | Ref HQ3",Bastones rectos de brocoli,Estacional,Bastones clasicos - Reserva Privada,Bastones clasicos,Fino,12.5,"5 X 2,5 KG",5,2.5,58c5c51d6e39e80f84be2a39cc4677a8
BR0002,"Espirales de brocoli - clasico - Caja de 13 packs de 0,75 kg | Ref QTH",Espirales de brocoli,Forma estable,Bastones clasicos - Sigilo,Bastones clasicos,Forma,9.75,"13 X 0,75 KG",13,0.75,6ecff7742d4a01e1ada1f078a109ba73
BR0003,"Gajos de brocoli - sazonado - Caja de 13 packs de 0,75 kg | Ref SOZ",Gajos de brocoli,Forma estable,Bastones clasicos - Sigilo,Bastones clasicos,Forma,9.75,"13 X 0,75 KG",13,0.75,bb1778b417b37db9194a7958762985ee
BR0004,"Bastones rectos de brocoli - crocante - Caja de 9 packs de 1,25 kg",Bastones rectos de brocoli,Estacional,Bastones clasicos - Sigilo,Bastones clasicos,Grueso,13.5,"9 X 1,5 KG",9,1.5,efbf9fb4de26ed4bd82dc7987c339263
BR0005,"13 bolsas de 0,75 kg | Espirales de brocoli sin gluten",Espirales de brocoli,Forma estable,Bastones clasicos - Sigilo,Bastones clasicos,Forma,9.75,"13 X 0,75 KG",13,0.75,81b0d8fe9c9138cab4b219072e8c19c3
BR0006,"Brocoli en rejilla - picante - Caja de 5 packs de 2,5 kg",Brocoli en rejilla,Forma estable,Bastones clasicos - Sigilo,Bastones clasicos,Forma,12.5,"5 X 2,5 KG",5,2.5,7632b3c0a3c65e1b117ccd6cba79974b
BR0007,"13 bolsas de 0,75 kg | Brocoli en rejilla",Brocoli en rejilla,Forma estable,Bastones clasicos - Sigilo,Bastones clasicos,Forma,9.75,"13 X 0,75 KG",13,0.75,bd62436e72b572461e548cf6e4bfdd7d
BR0008,11 bolsas de 1 kg | Bastones rectos de brocoli 9x9 mm | Ref YDL,Bastones rectos de brocoli,Estacional,Bastones clasicos - Legumes Frites,Bastones clasicos,Medio,11.0,11 X 1 KG,11,1.0,18729392e748ea31ed354313be390018
BR0009,"BonsaiGreen Bastones rectos de brocoli 9x9 mm 5 x 2,5 kg | Ref K4O",Bastones rectos de brocoli,Estacional,Bastones clasicos - Legumes Frites,Bastones clasicos,Medio,12.5,"5 X 2,5 KG",5,2.5,dbb291248e849bc6807762eb48e5f5cf
BR0010,"BonsaiGreen Gajos de brocoli sazonado 13 x 0,75 kg",Gajos de brocoli,Forma estable,Bastones clasicos - Sigilo,Bastones clasicos,Forma,9.75,"13 X 0,75 KG",13,0.75,bee1ee50d857c700c72bb718c6f645db
BR0011,"Brocoli en rejilla - sazonado - Caja de 13 packs de 0,75 kg",Brocoli en rejilla,Forma estable,Bastones clasicos - Sigilo,Bastones clasicos,Forma,9.75,"13 X 0,75 KG",13,0.75,9317de4d372953f9cc16590fec56b525
BR0012,"Bastones rectos de brocoli - clasico - Caja de 9 packs de 1,25 kg",Bastones rectos de brocoli,Estacional,Bastones clasicos - Sigilo,Bastones clasicos,Grueso,13.5,"9 X 1,5 KG",9,1.5,91989cfbd02fbc00379eee2a7e8883b2
BR0013,"13 bolsas de 0,5 kg | Brocoli en rejilla | Ref 9WZ",Brocoli en rejilla,Forma estable,Bastones clasicos - Sigilo,Bastones clasicos,Forma,6.5,"13 X 0,5 KG",13,0.5,efbf9fb4de26ed4bd82dc7987c339263
BR0014,"Brocoli zigzag - clasico - Caja de 13 packs de 0,75 kg | Ref LE4",Brocoli zigzag,Forma estable,Bastones clasicos - Sigilo,Bastones clasicos,Forma,9.75,"13 X 0,75 KG",13,0.75,ecf787428007d25a0f29d1b250a67a26
BR0015,"Brocoli zigzag - con sal - Caja de 13 packs de 0,75 kg",Brocoli zigzag,Forma estable,Bastones clasicos - Sigilo,Bastones clasicos,Forma,9.75,"13 X 0,75 KG",13,0.75,ecf787428007d25a0f29d1b250a67a26
BR0016,"13 bolsas de 0,75 kg | Brocoli zigzag picante | Ref 1Y1",Brocoli zigzag,Forma estable,Bastones clasicos - Sigilo,Bastones clasicos,Forma,9.75,"13 X 0,75 KG",13,0.75,ecf787428007d25a0f29d1b250a67a26
BR0017,"Tiras para dip de brocoli - con sal - Caja de 13 packs de 0,75 kg",Tiras para dip de brocoli,Forma estable,Bastones clasicos - Sigilo,Bastones clasicos,Forma,9.75,"13 X 0,75 KG",13,0.75,efbf9fb4de26ed4bd82dc7987c339263
BR0018,Bastones rectos de brocoli - clasico - Caja de 13 packs de 1 kg | Ref 8QS,Bastones rectos de brocoli,Estacional,Bastones clasicos - Sigilo,Bastones clasicos,Grueso,13.0,13 X 1 KG,13,1.0,47c07ae5e4f5be415e627b0a32de919e
BR0019,"Espirales de brocoli - clasico - Caja de 13 packs de 0,5 kg | Ref G0M",Espirales de brocoli,Forma estable,Bastones clasicos - Sigilo,Bastones clasicos,Forma,6.5,5x2.5 kg,13,0.5,6951b8a3d9dee5e15a265584f9a3c075
BR0020,"Bastones rectos de brocoli 9x9 mm - clasico - Caja de 5 packs de 2,5 kg | Ref MI1",Bastones rectos de brocoli,Estacional,Bastones clasicos - Legumes Frites,Bastones clasicos,Medio,12.5,"5 X 2,5 KG",5,2.5,d2932d6ed51161bd7a1ea59210d291e9
BR0021,"5 bolsas de 2,5 kg | Bastones rectos de brocoli | Ref J9N",Bastones rectos de brocoli,Estacional,Bastones clasicos - Legumes Frites,Bastones clasicos,Corte steak,12.5,"5 X 2,5 KG",5,2.5,22a6616ef34a0a850df2b9b66c6692d5
BR0022,"BonsaiGreen Bastones rectos de brocoli 7x7 mm 5 x 2,5 kg",Bastones rectos de brocoli,Estacional,Bastones clasicos - Legumes Frites,Bastones clasicos,Fino,12.5,"5 X 2,5 KG",5,2.5,ef2aa69f2a021c5eb8f04cae5d3e66f3
BR0023,"5 bolsas de 2,5 kg | Cubos de brocoli",Cubos de brocoli,Forma estable,Guarniciones - Cubos,Guarniciones,Forma,12.5,"5 X 2,5 KG",5,2.5,7ac978e5f0f94fd099ec31286fb57846
BR0024,"Bastones rectos de brocoli 9x9 mm - clasico - Caja de 5 packs de 2,5 kg | Ref T5P",Bastones rectos de brocoli,Estacional,Bastones clasicos - Sigilo,Bastones clasicos,Medio,12.5,"5 X 2,5 KG",5,2.5,ef0525f0911fd36073c2b10f4d81dfd5
BR0025,"BonsaiGreen Bastones rectos de brocoli 9x9 mm 5 x 2,5 kg | Ref KX3",Bastones rectos de brocoli,Estacional,Bastones clasicos - Mayordomo,Bastones clasicos,Medio,12.5,"5 X 2,5 KG",5,2.5,dbb291248e849bc6807762eb48e5f5cf
BR0026,"BonsaiGreen Bastones rectos de brocoli 9x9 mm 5 x 2,5 kg | Ref 85V",Bastones rectos de brocoli,Estacional,Bastones clasicos - Mayordomo,Bastones clasicos,Medio,12.5,5 X 2.5 KG,5,2.5,5b64c63cc03d5ad1d7a8dc9356e4a41f
BR0027,"BonsaiGreen Bastones rectos de brocoli 11x11 mm 5 x 2,5 kg | Ref WKQ",Bastones rectos de brocoli,Estacional,Bastones clasicos - Mayordomo,Bastones clasicos,Medio,12.5,"5 X 2,5 KG",5,2.5,4e09bb5ee16a086bf02ca2d39b2d5804
BR0028,"5 bolsas de 2,5 kg | Bastones rectos de brocoli 11x11 mm | Ref VER",Bastones rectos de brocoli,Estacional,Bastones clasicos - Mayordomo,Bastones clasicos,Medio,12.5,"5 X 2,5 KG",5,2.5,304075b644c240eec0e5f51ec37ab9e1
BR0029,"Bastones rectos de brocoli 13x13 mm - clasico - Caja de 5 packs de 2,5 kg | Ref H50",Bastones rectos de brocoli,Estacional,Bastones clasicos - Mayordomo,Bastones clasicos,Grueso,12.5,5 X 2.5 KG,5,2.5,4e09bb5ee16a086bf02ca2d39b2d5804
BR0030,"Gajos de brocoli - sazonado, con cabo - Caja de 5 packs de 2,5 kg",Gajos de brocoli,Forma estable,Bastones clasicos - Mayordomo,Bastones clasicos,Forma,12.5,"5 X 2,5 KG",5,2.5,0c16d97fd1cb7d10a71d89cb360a797d
BR0031,"5 bolsas de 2,5 kg | Bastones rectos de brocoli 11x11 mm | Ref 54T",Bastones rectos de brocoli,Estacional,Bastones clasicos - Mayordomo,Bastones clasicos,Medio,12.5,"5 X 2,5 KG",5,2.5,602053d7a0560b9b10fe94d89ec4e1ff
BR0032,"BonsaiGreen Bastones rectos de brocoli 13x13 mm 5 x 2,5 kg",Bastones rectos de brocoli,Estacional,Bastones clasicos - Mayordomo,Bastones clasicos,Grueso,12.5,"5 X 2,5 KG",5,2.5,885aee15b4c95bd5d5555f83e9a85673
BR0033,11 bolsas de 1 kg | Bastones rectos de brocoli 9x9 mm | Ref LUJ,Bastones rectos de brocoli,Estacional,Bastones clasicos - Mayordomo,Bastones clasicos,Medio,11.0,"5 x 2,5 kg",,,1c348ae6809fc040f1b83767e08a5344
BR0034,"13 bolsas de 0,75 kg | Gajos de brocoli | Ref 5WO",Gajos de brocoli,Forma estable,Bastones clasicos - Reserva Privada,Bastones clasicos,Forma,9.75,"5 X2,5 KG",13,,42c33537f5c6a74d137be069d1bd4a18
BR0035,"5 bolsas de 2,5 kg | Bastones rectos de brocoli 9x18 mm | Ref 9WE",Bastones rectos de brocoli,Estacional,Bastones clasicos - Mayordomo,Bastones clasicos,Corte steak,12.5,"5 X 2,5 KG",5,2.5,b2a1bd10e103dae56072fe8ba4f0ca15
BR0036,"BonsaiGreen Bastones rectos de brocoli 9x9 mm 5 x 2,5 kg | Ref X7N",Bastones rectos de brocoli,Estacional,Bastones clasicos - Legumes Frites,Bastones clasicos,Medio,12.5,"5X 2,5 KG",,2.5,c4dc72a8c2e71b31cfcf50cbf201120c
BR0037,"Bastones rectos de brocoli 9x9 mm - sazonado - Caja de 5 packs de 2,5 kg",Bastones rectos de brocoli,Estacional,Bastones clasicos - Sigilo,Bastones clasicos,Medio,12.5,"5 X 2,5 KG",5,2.5,2bcfb295bee600aa6914bbd06f5891b6
BR0038,"BonsaiGreen Tiras para dip de brocoli 6x21 mm 5 x 2,5 kg",Tiras para dip de brocoli,Forma estable,Bastones clasicos - Sigilo,Bastones clasicos,Forma,12.5,"5 x 2,5 kg",,,ef0525f0911fd36073c2b10f4d81dfd5
BR0039,"Tiras para dip de brocoli - clasico - Caja de 5 packs de 2,5 kg",Tiras para dip de brocoli,Forma estable,Bastones clasicos - Sigilo,Bastones clasicos,Forma,12.5,"5 X 2,5 KG",5,2.5,2bcfb295bee600aa6914bbd06f5891b6
BR0040,"BonsaiGreen Tiras para dip de brocoli sin gluten 5 x 2,5 kg",Tiras para dip de brocoli,Forma estable,Bastones clasicos - Sigilo,Bastones clasicos,Forma,12.5,"5 X 2,5 KG",5,2.5,ef0525f0911fd36073c2b10f4d81dfd5
BR0041,"5 bolsas de 2,5 kg | Tiras para dip de brocoli sin gluten",Tiras para dip de brocoli,Forma estable,Bastones clasicos - Sigilo,Bastones clasicos,Forma,12.5,"5 X 2,5 KG",5,2.5,ef0525f0911fd36073c2b10f4d81dfd5
BR0042,"Gajos de brocoli - clasico - Caja de 5 packs de 2,5 kg | Ref 84F",Gajos de brocoli,Forma estable,Bastones clasicos - Reserva Privada,Bastones clasicos,Forma,12.5,"5 X 2,5 KG",5,2.5,67e5f2924f62dfd36097f40431a1322b
BR0043,"2 bolsas de 2,5 kg | Tortitas de brocoli",Tortitas de brocoli,Forma estable,Guarniciones - Legumes Croquetas,Guarniciones,Forma,5.0,"2 X 2,5 KG",2,2.5,a0e80ca7d2bb3cb6df1766f5e88cc700
BR0044,"Tortitas de brocoli - clasico - Caja de 2 packs de 2,5 kg",Tortitas de brocoli,Forma estable,Guarniciones - Legumes Croquetas,Guarniciones,Forma,5.0,"2 X 2,5 KG",2,2.5,a0e80ca7d2bb3cb6df1766f5e88cc700
BR0045,"BonsaiVegetales Rosti de brocoli 2 x 2,5 kg",Rosti de brocoli,Forma estable,Guarniciones - Legumes Croquetas,Guarniciones,Forma,5.0,"2 X 2,5 KG",2,2.5,6d268395e153444cd7f6266651d35c77
BR0046,"BonsaiVegetales Rosti de brocoli 2 x 2,5 kg",Rosti de brocoli,Forma estable,Guarniciones - Legumes Croquetas,Guarniciones,Forma,5.0,"2 X 2,5 KG",2,2.5,a0e80ca7d2bb3cb6df1766f5e88cc700
BR0047,"Rosti de brocoli - clasico - Caja de 2 packs de 2,5 kg",Rosti de brocoli,Forma estable,Guarniciones - Legumes Croquetas,Guarniciones,Forma,5.0,"2 X 2,5 KG",2,2.5,a0e80ca7d2bb3cb6df1766f5e88cc700
BR0048,11 bolsas de 1 kg | Bastones rectos de brocoli 9x9 mm | Ref MIX,Bastones rectos de brocoli,Estacional,Bastones clasicos - Legumes Frites,Bastones clasicos,Medio,11.0,11 X 1 KG,11,1.0,d0fa74a812078a5c185018f80142e8de
BR0049,13 bolsas de 1 kg | Bastones rectos de brocoli 9x9 mm,Bastones rectos de brocoli,Estacional,Bastones clasicos - Legumes Frites,Bastones clasicos,Medio,9.75,"13 X 0,75 KG",13,0.75,97f8ba1fc812d49f9c98d8f46da0614a
BR0050,"Rodajas de brocoli - clasico - Caja de 5 packs de 2,5 kg",Rodajas de brocoli,Forma estable,Bastones clasicos - Sigilo,Bastones clasicos,Forma,12.5,"5 X 2,5 kg",5,2.5,1796127c405e4518189e46823d051892
BR0051,"BonsaiGreen Rodajas de brocoli 13 x 0,75 kg",Rodajas de brocoli,Forma estable,Bastones clasicos - Sigilo,Bastones clasicos,Forma,9.75,"13 X 0,75 KG",13,0.75,1165f46c14ad39e8aff41843a7897545
BR0052,"5 bolsas de 2,5 kg | Brocoli zigzag 9x9 mm",Brocoli zigzag,Forma estable,Bastones clasicos - Legumes Frites,Bastones clasicos,Forma,12.5,"5 X 2,5 KG",5,2.5,d0fa74a812078a5c185018f80142e8de
BR0053,"Gajos de brocoli - clasico - Caja de 5 packs de 2,5 kg | Ref 5PP",Gajos de brocoli,Forma estable,Bastones clasicos - Reserva Privada,Bastones clasicos,Forma,12.5,"5 X 2,5 KG",5,2.5,1796127c405e4518189e46823d051892
BR0054,"Bastones rectos de brocoli 6x6 mm - clasico - Caja de 5 packs de 2,5 kg | Ref Y5K",Bastones rectos de brocoli,Estacional,Bastones clasicos - Legumes Frites,Bastones clasicos,Fino,12.5,"5 X 2,5 KG",5,2.5,97f8ba1fc812d49f9c98d8f46da0614a
BR0055,"5 bolsas de 2,5 kg | Bastones rectos de brocoli 9x9 mm | Ref MKJ",Bastones rectos de brocoli,Estacional,Bastones clasicos - Legumes Frites,Bastones clasicos,Medio,12.5,"5 X 2,5 KG",5,2.5,d0fa74a812078a5c185018f80142e8de
BR0056,"BonsaiGreen Bastones rectos de brocoli 9x18 mm 5 x 2,5 kg | Ref NYY",Bastones rectos de brocoli,Estacional,Bastones clasicos - Legumes Frites,Bastones clasicos,Corte steak,12.5,"5 X 2,5 KG",5,2.5,d0fa74a812078a5c185018f80142e8de
BR0057,"BonsaiGreen Bastones rectos de brocoli 12x12 mm 5 x 2,5 kg",Bastones rectos de brocoli,Estacional,Bastones clasicos - Legumes Frites,Bastones clasicos,Medio,12.5,"5 X 2,5 KG",5,2.5,c8898fc66f1c4e56f02718e10a4dc36b
BR0058,"Croquetas de brocoli - clasico - Caja de 2 packs de 2,5 kg",Croquetas de brocoli,Forma estable,Guarniciones - Legumes Croquetas,Guarniciones,Forma,5.0,"2 X 2,5 KG",2,2.5,6d268395e153444cd7f6266651d35c77
BR0059,"BonsaiVegetales Croquetas de brocoli 5 x 2,5 kg",Croquetas de brocoli,Forma estable,Guarniciones - Legumes Croquetas,Guarniciones,Forma,12.5,"5 X 2,5 KG",5,2.5,97f8ba1fc812d49f9c98d8f46da0614a
BR0060,"Brocoli zigzag - clasico - Caja de 13 packs de 0,75 kg | Ref H3U",Brocoli zigzag,Forma estable,Bastones clasicos - Legumes Frites,Bastones clasicos,Forma,9.75,"13 X 0,75 KG",13,0.75,1165f46c14ad39e8aff41843a7897545
BR0061,"13 bolsas de 0,75 kg | Gajos de brocoli | Ref 2R1",Gajos de brocoli,Forma estable,Bastones clasicos - Reserva Privada,Bastones clasicos,Forma,9.75,"13 X 0,75 KG",13,0.75,1165f46c14ad39e8aff41843a7897545
BR0062,"13 bolsas de 0,75 kg | Bastones rectos de brocoli",Bastones rectos de brocoli,Estacional,Bastones clasicos - Legumes Frites,Bastones clasicos,Corte steak,9.75,"13 X 0,75 KG",13,0.75,1165f46c14ad39e8aff41843a7897545
BR0063,"13 bolsas de 0,75 kg | Bastones rectos de brocoli 6x6 mm",Bastones rectos de brocoli,Estacional,Bastones clasicos - Legumes Frites,Bastones clasicos,Fino,9.75,"13 X 0,75 KG",13,0.75,1165f46c14ad39e8aff41843a7897545
BR0064,"Croquetas de brocoli - clasico - Caja de 13 packs de 0,75 kg",Croquetas de brocoli,Forma estable,Guarniciones - Legumes Croquetas,Guarniciones,Forma,9.75,"13 X 0,75 KG",13,0.75,97f8ba1fc812d49f9c98d8f46da0614a
BR0065,"Bastones rectos de brocoli - clasico - Caja de 5 packs de 2,5 kg | Ref F75",Bastones rectos de brocoli,Estacional,Bastones clasicos - Sigilo,Bastones clasicos,Grueso,12.5,"5 X 2,5 KG",5,2.5,1e88f58b415233ddb0092e1d2c28df9b
BR0066,"Cubos de brocoli - sazonado, crocante - Caja de 5 packs de 2,5 kg",Cubos de brocoli,Forma estable,Guarniciones - Cubos,Guarniciones,Forma,12.5,"5 X 2,5 KG",5,2.5,e9213639f465101cf8b1650e880514c2
BR0067,"13 bolsas de 0,5 kg | Tiras para dip de brocoli con sal",Tiras para dip de brocoli,Forma estable,Bastones clasicos - Sigilo,Bastones clasicos,Forma,6.5,"5X 2,5 KG",,0.5,4beade23001bd00ced8d86ccb4e4606b
BR0068,"BonsaiGreen Espirales de brocoli 13 x 0,5 kg | Ref E18",Espirales de brocoli,Forma estable,Bastones clasicos - Sigilo,Bastones clasicos,Forma,6.5,"5X2,5 KG",,,91989cfbd02fbc00379eee2a7e8883b2
BR0069,"Bastones rectos de brocoli - clasico - Caja de 5 packs de 2,5 kg | Ref 90Y",Bastones rectos de brocoli,Estacional,Bastones clasicos - Reserva Privada,Bastones clasicos,Medio,12.5,"5 X 2,5 KG",5,2.5,2c0e605cb6fa10bcf22f05f1b2438c89
BR0070,"BonsaiPremium Bastones rectos de brocoli 11x11 mm 5 x 2,5 kg",Bastones rectos de brocoli,Estacional,Bastones clasicos - Reserva Privada,Bastones clasicos,Medio,12.5,"5 X 2,5 KG",5,2.5,d2932d6ed51161bd7a1ea59210d291e9
BR0071,Bastones rectos de brocoli 11x11 mm - clasico - Caja de 11 packs de 1 kg,Bastones rectos de brocoli,Estacional,Bastones clasicos - Legumes Frites,Bastones clasicos,Medio,11.0,11 X 1 KG,11,1.0,6029457d9c814022e062762885920ec8
BR0072,Bastones rectos de brocoli 11x11 mm - clasico - Caja de 11 packs de 1 kg,Bastones rectos de brocoli,Estacional,Bastones clasicos - Legumes Frites,Bastones clasicos,Medio,11.0,"5 X2,5 KG",11,,6029457d9c814022e062762885920ec8
BR0073,"BonsaiGreen Bastones rectos de brocoli 13 x 0,75 kg",Bastones rectos de brocoli,Estacional,Bastones clasicos - Sigilo,Bastones clasicos,Grueso,9.75,"13 X 0,75 KG",13,0.75,bb1778b417b37db9194a7958762985ee
BR0074,"Brocoli en rejilla - sin gluten - Caja de 13 packs de 0,5 kg",Brocoli en rejilla,Forma estable,Bastones clasicos - Sigilo,Bastones clasicos,Forma,6.5,"13 X 0,5 KG",13,0.5,ca51e9959c92f5ee112b262b32b0906b
BR0075,"Espirales de brocoli - clasico - Caja de 13 packs de 0,75 kg | Ref QYX",Espirales de brocoli,Forma estable,Bastones clasicos - Sigilo,Bastones clasicos,Forma,9.75,"13 X 0,75 KG",13,0.75,6ecff7742d4a01e1ada1f078a109ba73
BR0076,Bocados de brocoli con queso crema - picante - Caja de 5 packs de 1 kg,Bocados de brocoli con queso crema,Co-produccion,Snacks y aperitivos - Queso,Snacks y aperitivos,Forma,5.0,5 X 1 KG,5,1.0,3cf1a63192a337f8ff673510206eeb38
BR0077,"Espirales de brocoli - sazonado - Caja de 5 packs de 2,5 kg | Ref KQC",Espirales de brocoli,Forma estable,Bastones clasicos - Sigilo,Bastones clasicos,Forma,12.5,"5 X 2,5 kg",5,2.5,81b0d8fe9c9138cab4b219072e8c19c3
BR0078,"BonsaiGreen Espirales de brocoli sazonado 5 x 2,5 kg",Espirales de brocoli,Forma estable,Bastones clasicos - Sigilo,Bastones clasicos,Forma,12.5,"5 X 2,5 KG",5,2.5,6ecff7742d4a01e1ada1f078a109ba73
BR0079,"13 bolsas de 0,5 kg | Espirales de brocoli sazonado | Ref 6FZ",Espirales de brocoli,Forma estable,Bastones clasicos - Sigilo,Bastones clasicos,Forma,6.5,"13 X 0,5 KG",13,0.5,6093dbae5b82d5102791a23c6f654dea
BR0080,"BonsaiGreen Brocoli en rejilla sazonado 13 x 0,5 kg | Ref 0S2",Brocoli en rejilla,Forma estable,Bastones clasicos - Sigilo,Bastones clasicos,Forma,6.5,"13 X 0,5 KG",13,0.5,1f6eec46c4bff93e6ca5467f4a87f6d8
BR0081,"19 bolsas de 0,5 kg | Tiras para dip de brocoli sin gluten",Tiras para dip de brocoli,Forma estable,Bastones clasicos - Sigilo,Bastones clasicos,Forma,9.5,"19 X 0,5 KG",19,0.5,fc5516122a48681b6a5d3d70768ee02a
BR0082,"BonsaiGreen Brocoli en rejilla 13 x 0,5 kg",Brocoli en rejilla,Forma estable,Bastones clasicos - Sigilo,Bastones clasicos,Forma,6.5,"13 X 0,5 KG",13,0.5,8eab0cbfe7d0e1a9e77336d53f090da8
BR0083,"Espirales de brocoli - clasico - Caja de 13 packs de 0,5 kg | Ref BMF",Espirales de brocoli,Forma estable,Bastones clasicos - Sigilo,Bastones clasicos,Forma,6.5,"5X 2,5 KG",,0.5,6ecff7742d4a01e1ada1f078a109ba73
BR0084,"13 bolsas de 0,5 kg | Espirales de brocoli",Espirales de brocoli,Forma estable,Bastones clasicos - Sigilo,Bastones clasicos,Forma,6.5,"13 X 0,5 KG",13,0.5,6093dbae5b82d5102791a23c6f654dea
BR0085,"Brocoli en rejilla - clasico - Caja de 13 packs de 0,5 kg | Ref E78",Brocoli en rejilla,Forma estable,Bastones clasicos - Sigilo,Bastones clasicos,Forma,6.5,"13 X 0,5 KG",13,0.5,1f6eec46c4bff93e6ca5467f4a87f6d8
BR0086,"BonsaiGreen Bastones rectos de brocoli 9x9 mm 13 x 0,75 kg",Bastones rectos de brocoli,Estacional,Bastones clasicos - Sigilo,Bastones clasicos,Medio,9.75,"13 X 0,75 KG",13,0.75,96cc55859ea53c974a329f68b1873c45
BR0087,"13 bolsas de 0,5 kg | Tiras para dip de brocoli",Tiras para dip de brocoli,Forma estable,Bastones clasicos - Sigilo,Bastones clasicos,Forma,6.5,"13 X 0,5 KG",13,0.5,e44f97bd70a4b2cae9c6a92f763a956e
BR0088,"BonsaiGreen Bastones rectos de brocoli 9x9 mm sazonado 13 x 0,75 kg",Bastones rectos de brocoli,Estacional,Bastones clasicos - Sigilo,Bastones clasicos,Medio,9.75,"13 X 0,75 KG",13,0.75,ef0525f0911fd36073c2b10f4d81dfd5
BR0089,"BonsaiGreen Corte rustico de brocoli 5 x 2,5 kg",Corte rustico de brocoli,Forma estable,Bastones clasicos - Sigilo,Bastones clasicos,Forma,12.5,"5 X 2,5 KG",5,2.5,8b80c8d77eb3777361876e4229da899d
BR0090,"BonsaiPremium Bastones rectos de brocoli 9x9 mm 5 x 2,5 kg | Ref NL0",Bastones rectos de brocoli,Estacional,Bastones clasicos - Reserva Privada,Bastones clasicos,Medio,12.5,"5 X 2,5 KG",5,2.5,e44f97bd70a4b2cae9c6a92f763a956e
BR0091,"5 bolsas de 2,5 kg | Bastones rectos de brocoli 11x11 mm con cabo | Ref 212",Bastones rectos de brocoli,Estacional,Bastones clasicos - Reserva Privada,Bastones clasicos,Medio,12.5,"5 X 2,5 KG",5,2.5,7020820d5a0bbcdbce99d2bacc1b842c
BR0092,"5 bolsas de 2,5 kg | Bastones rectos de brocoli 6x6 mm | Ref RXH",Bastones rectos de brocoli,Estacional,Bastones clasicos - Reserva Privada,Bastones clasicos,Fino,12.5,"5 X2,5 KG",5,,4beade23001bd00ced8d86ccb4e4606b
BR0092,"5 bolsas de 2,5 kg | Bastones rectos de brocoli 6x6 mm | Ref RXH",Bastones rectos de brocoli,Estacional,Bastones clasicos - Reserva Privada,Bastones clasicos,Fino,12.5,"5 X 2,5 KG",5,2.5,0378f85c226113f4ac40fd360217bb8a
BR0093,"5 bolsas de 2,5 kg | Bastones rectos de brocoli 6x6 mm | Ref BKP",Bastones rectos de brocoli,Estacional,Bastones clasicos - Reserva Privada,Bastones clasicos,Fino,12.5,"5 X 2,5 KG",5,2.5,4beade23001bd00ced8d86ccb4e4606b
BR0094,"BonsaiPremium Bastones rectos de brocoli 9x9 mm 5 x 2,5 kg | Ref AS7",Bastones rectos de brocoli,Estacional,Bastones clasicos - Reserva Privada,Bastones clasicos,Medio,12.5,"5 X 2,5 KG",5,2.5,c8c092bbf8da5f80452c66c38d27305f
BR0094,"BonsaiPremium Bastones rectos de brocoli 9x9 mm 5 x 2,5 kg | Ref AS7",Bastones rectos de brocoli,Estacional,Bastones clasicos - Reserva Privada,Bastones clasicos,Medio,12.5,"5 X 2,5 KG",5,2.5,c8c092bbf8da5f80452c66c38d27305f
BR0095,"5 bolsas de 2,5 kg | Bastones rectos de brocoli 9x9 mm | Ref LZG",Bastones rectos de brocoli,Estacional,Bastones clasicos - Reserva Privada,Bastones clasicos,Medio,12.5,"5 X 2,5 KG",5,2.5,c8c092bbf8da5f80452c66c38d27305f
BR0096,"5 bolsas de 2,5 kg | Bastones rectos de brocoli 11x11 mm | Ref 9PB",Bastones rectos de brocoli,Estacional,Bastones clasicos - Reserva Privada,Bastones clasicos,Medio,12.5,"5 X 2,5 KG",5,2.5,d2932d6ed51161bd7a1ea59210d291e9
BR0097,"5 bolsas de 2,5 kg | Bastones rectos de brocoli 11x11 mm | Ref 34F",Bastones rectos de brocoli,Estacional,Bastones clasicos - Reserva Privada,Bastones clasicos,Medio,12.5,"5 X 2,5 KG",5,2.5,e18d6825e2af5ae83f5cd3860d72b2bc
BR0098,"Bastones rectos de brocoli 9x18 mm - clasico - Caja de 5 packs de 2,5 kg",Bastones rectos de brocoli,Estacional,Bastones clasicos - Reserva Privada,Bastones clasicos,Corte steak,12.5,"5 X 2,5 KG",5,2.5,623e13a6f27840cacf8833829b96bf96
BR0099,"BonsaiPremium Bastones rectos de brocoli 9x18 mm 5 x 2,5 kg | Ref VTT",Bastones rectos de brocoli,Estacional,Bastones clasicos - Reserva Privada,Bastones clasicos,Corte steak,12.5,"5 X 2,5 KG",5,2.5,22a6616ef34a0a850df2b9b66c6692d5
BR0100,"5 bolsas de 2,5 kg | Bastones rectos de brocoli 9x9 mm | Ref BJP",Bastones rectos de brocoli,Estacional,Bastones clasicos - Legumes Frites,Bastones clasicos,Medio,12.5,"5 X 2,5 KG",5,2.5,0f3597b5713aff62bf730b874b95fd1b
BR0101,"BonsaiGreen Bastones rectos de brocoli 11x11 mm 5 x 2,5 kg | Ref UO0",Bastones rectos de brocoli,Estacional,Bastones clasicos - Legumes Frites,Bastones clasicos,Medio,12.5,"5 X 2,5 KG",5,2.5,f609bd5b4ffc901bae0837e2befee31d
BR0102,"BonsaiGreen Bastones rectos de brocoli 11x11 mm 5 x 2,5 kg | Ref UO0",Bastones rectos de brocoli,Estacional,Bastones clasicos - Legumes Frites,Bastones clasicos,Medio,12.5,"5 X 2,5 KG",5,2.5,74672f3b7169d951bca4a5beba21c127
BR0103,"5 bolsas de 2,5 kg | Bastones rectos de brocoli 6x6 mm | Ref F7E",Bastones rectos de brocoli,Estacional,Bastones clasicos - Legumes Frites,Bastones clasicos,Fino,12.5,"5 X 2,5 KG",5,2.5,04dce8fd28129cc6fd826678996329a4
BR0104,"5 bolsas de 2,5 kg | Bastones rectos de brocoli 6x6 mm | Ref F7E",Bastones rectos de brocoli,Estacional,Bastones clasicos - Legumes Frites,Bastones clasicos,Fino,12.5,"5 X 2,5 KG",5,2.5,5d308e9530868734eb31436eaaaf27af
BR0105,"BonsaiGreen Bastones rectos de brocoli 9x9 mm 5 x 2,5 kg | Ref TJZ",Bastones rectos de brocoli,Estacional,Bastones clasicos - Legumes Frites,Bastones clasicos,Medio,12.5,"5 X 2,5 KG",5,2.5,dbb291248e849bc6807762eb48e5f5cf
BR0106,"Bastones rectos de brocoli 13x13 mm - clasico - Caja de 5 packs de 2,5 kg | Ref TQN",Bastones rectos de brocoli,Estacional,Bastones extra crocantes - Atelier Frites,Bastones extra crocantes,Grueso,12.5,"5 X 2,5 KG",5,2.5,908589535d3feeff9a55c9b5050b8cec
BR0107,"Bastones rectos de brocoli - clasico - Caja de 2 packs de 5,25 kg",Bastones rectos de brocoli,Estacional,Bastones clasicos - Legumes Frites,Bastones clasicos,Medio,9.5,"2 X 4,75 KG",2,4.75,d20c085d39ceb93f1f9dbe59c29a4786
BR0108,11 bolsas de 1 kg | Brocoli en rejilla,Brocoli en rejilla,Forma estable,Bastones clasicos - Reserva Privada,Bastones clasicos,Forma,11.0,11 X 1 KG,11,1.0,895cc0310e1ec8880587a025b4de25c5
BR0109,13 bolsas de 1 kg | Espirales de brocoli,Espirales de brocoli,Forma estable,Bastones clasicos - Sigilo,Bastones clasicos,Forma,13.0,13 X 1 KG,13,1.0,e6369fff40e443b558bbf80d6a5c43f6
BR0110,"5 bolsas de 2,5 kg | Bastones rectos de brocoli 9x9 mm | Ref Y78",Bastones rectos de brocoli,Estacional,Bastones clasicos - Reserva Privada,Bastones clasicos,Medio,12.5,"5 X 2,5 KG",5,2.5,c8c092bbf8da5f80452c66c38d27305f
BR0111,"Bastones rectos de brocoli 11x11 mm - clasico - Caja de 5 packs de 2,5 kg | Ref FLQ",Bastones rectos de brocoli,Estacional,Bastones clasicos - Reserva Privada,Bastones clasicos,Medio,12.5,"5 X 2,5 KG",5,2.5,d2932d6ed51161bd7a1ea59210d291e9
BR0112,"5 bolsas de 2,5 kg | Bastones rectos de brocoli 9x18 mm | Ref 0FC",Bastones rectos de brocoli,Estacional,Bastones clasicos - Reserva Privada,Bastones clasicos,Corte steak,12.5,"5 X 2,5 kg",5,2.5,623e13a6f27840cacf8833829b96bf96
BR0113,"5 bolsas de 2,5 kg | Bastones rectos de brocoli con cabo | Ref C2H",Bastones rectos de brocoli,Estacional,Bastones clasicos - Legumes Frites,Bastones clasicos,Grueso,12.5,"5 X 2,5 KG",5,2.5,5080ca0406b02d8de6bef5df17bc0037
BR0114,"5 bolsas de 1,75 kg | Tortitas de brocoli",Tortitas de brocoli,Forma estable,Guarniciones - Tortitas,Guarniciones,Forma,8.75,"5 X 1,75 KG",5,1.75,41136b77a9847287fa2ca119a0fa7f1e
BR0115,"BonsaiGreen Brocoli en rejilla sazonado, picante, crocante 5 x 2,5 kg",Brocoli en rejilla,Forma estable,Bastones clasicos - Sigilo,Bastones clasicos,Forma,12.5,"5 X 2,5 KG",5,2.5,0b1eab65d0cf634954fecfe2e9f2b337
BR0116,"5 bolsas de 2,5 kg | Gajos de brocoli sazonado, picante, crocante",Gajos de brocoli,Forma estable,Bastones clasicos - Sigilo,Bastones clasicos,Forma,12.5,"5 X 2,5 KG",5,2.5,bee1ee50d857c700c72bb718c6f645db
BR0117,"BonsaiGreen Espirales de brocoli sazonado, picante, crocante 5 x 2,5 kg",Espirales de brocoli,Forma estable,Bastones clasicos - Sigilo,Bastones clasicos,Forma,12.5,"5 X 2,5 KG",5,2.5,17eb41b333100d37e5061f79b4ac6d1b
BR0118,"Espirales de brocoli - clasico - Caja de 13 packs de 0,5 kg | Ref 57C",Espirales de brocoli,Forma estable,Bastones clasicos - Sigilo,Bastones clasicos,Forma,6.5,"13 X 0,5 KG",13,0.5,b0c3bde6052f0c0a93c21025c8eefd63
BR0119,"BonsaiGreen Bastones rectos de brocoli 5 x 2,5 kg | Ref WIX",Bastones rectos de brocoli,Estacional,Bastones clasicos - Sigilo,Bastones clasicos,Medio,12.5,"5 X 2,5 KG",5,2.5,026560e43f3fc6afe0ce89d7ddf61626
BR0120,Rosti de brocoli - clasico - Caja de 11 packs de 1 kg | Ref MMY,Rosti de brocoli,Forma estable,Guarniciones - Legumes Croquetas,Guarniciones,Forma,11.0,11 X 1 KG,11,1.0,8e2fe7956d42472482d9dd1c9658d7a3
BR0121,"16 bolsas de 0,75 kg | Brocoli en rejilla",Brocoli en rejilla,Forma estable,Bastones clasicos - Sigilo,Bastones clasicos,Forma,12.0,"16 X 0,75 KG",16,0.75,45d3118bfae802ddfa0399a8135c2361
BR0122,"16 bolsas de 0,75 kg | Espirales de brocoli",Espirales de brocoli,Forma estable,Bastones clasicos - Sigilo,Bastones clasicos,Forma,12.0,"16 X 0,75 KG",16,0.75,b3ea42a06319279db482c105981a393a
BR0123,BonsaiGreen Brocoli zigzag 13 x 1 kg,Brocoli zigzag,Forma estable,Bastones clasicos - Sigilo,Bastones clasicos,Forma,13.0,13 X 1 KG,13,1.0,2e7072e1d4bab0ba69dc9fbcc31fec42
BR0124,"16 bolsas de 0,75 kg | Espirales de brocoli",Espirales de brocoli,Forma estable,Bastones clasicos - Sigilo,Bastones clasicos,Forma,12.0,"16 X 0,75 KG",16,0.75,b3ea42a06319279db482c105981a393a
BR0125,Gajos de brocoli - con cabo - Caja de 13 packs de 1 kg,Gajos de brocoli,Forma estable,Bastones clasicos - Reserva Privada,Bastones clasicos,Forma,13.0,13 X 1 KG,13,1.0,2672589f472af79bacad6c7c33493f99
BR0126,13 bolsas de 1 kg | Bastones rectos de brocoli 6x6 mm,Bastones rectos de brocoli,Estacional,Bastones clasicos - Legumes Frites,Bastones clasicos,Fino,13.0,13 X 1 KG,13,1.0,0e9b21449f720ce9684bc686b53c365a
BR0127,Gajos de brocoli - clasico - Caja de 13 packs de 1 kg,Gajos de brocoli,Forma estable,Bastones clasicos - Reserva Privada,Bastones clasicos,Forma,13.0,13 X 1 KG,13,1.0,2672589f472af79bacad6c7c33493f99
BR0128,"BonsaiPremium Bastones rectos de brocoli 9x18 mm 5 x 2,5 kg | Ref OWN",Bastones rectos de brocoli,Estacional,Bastones clasicos - Reserva Privada,Bastones clasicos,Corte steak,12.5,"5 X 2,5 KG",5,2.5,623e13a6f27840cacf8833829b96bf96
BR0129,"5 bolsas de 2,5 kg | Bastones rectos de brocoli 9x9 mm | Ref EG9",Bastones rectos de brocoli,Estacional,Bastones clasicos - Legumes Frites,Bastones clasicos,Medio,12.5,"5 X 2,5 KG",5,2.5,623e13a6f27840cacf8833829b96bf96
BR0130,"Espirales de brocoli - clasico - Caja de 13 packs de 0,75 kg | Ref G3W",Espirales de brocoli,Forma estable,Bastones clasicos - Sigilo,Bastones clasicos,Forma,9.75,"13 X 0,75 KG",13,0.75,7b55662e8c6953150223589dbc717d92
BR0131,"Bastones rectos de brocoli - clasico - Caja de 13 packs de 1,25 kg",Bastones rectos de brocoli,Estacional,Bastones clasicos - Sigilo,Bastones clasicos,Grueso,13.0,13 X 1 KG,13,1.0,6ecff7742d4a01e1ada1f078a109ba73
BR0132,Croquetas de brocoli - clasico - Caja de 11 packs de 1 kg,Croquetas de brocoli,Forma estable,Guarniciones - Legumes Croquetas,Guarniciones,Forma,11.0,11 X 1 KG,11,1.0,aaad0d1b004d04c77682b2a0b96a5d01
BR0133,"5 bolsas de 2,5 kg | Croquetas de brocoli",Croquetas de brocoli,Forma estable,Guarniciones - Legumes Croquetas,Guarniciones,Forma,12.5,"5 X 2,5 KG",5,2.5,aaad0d1b004d04c77682b2a0b96a5d01
BR0134,"11 bolsas de 1,25 kg | Bastones rectos de brocoli | Ref GRR",Bastones rectos de brocoli,Estacional,Bastones clasicos - Sigilo,Bastones clasicos,Medio,16.5,"11 X 1,5 KG",11,1.5,f46de34159e1d0d6a5dfd38017585c4e
BR0135,"5 bolsas de 2,5 kg | Bastones rectos de brocoli 6x6 mm | Ref WKT",Bastones rectos de brocoli,Estacional,Bastones clasicos - Legumes Frites,Bastones clasicos,Fino,12.5,"5 X 2,5 KG",5,2.5,650ea7a52526c02b9ecc5ec6571ca511
BR0136,"Bastones rectos de brocoli 9x9 mm - clasico - Caja de 5 packs de 2,5 kg | Ref R5M",Bastones rectos de brocoli,Estacional,Bastones clasicos - Reserva Privada,Bastones clasicos,Medio,12.5,"5 X 2,5 KG",5,2.5,ecd82512cc8da13211c6468d7a34dc18
BR0136,"Bastones rectos de brocoli 9x9 mm - clasico - Caja de 5 packs de 2,5 kg | Ref R5M",Bastones rectos de brocoli,Estacional,Bastones clasicos - Reserva Privada,Bastones clasicos,Medio,12.5,"5 X 2,5 KG",5,2.5,093e0a1389e0cc0f644ceea470a3cc01
BR0137,"Bastones rectos de brocoli 6x6 mm - clasico - Caja de 5 packs de 2,5 kg | Ref BLU",Bastones rectos de brocoli,Estacional,Bastones clasicos - Reserva Privada,Bastones clasicos,Fino,12.5,"5 X 2,5 KG",5,2.5,9d663d6fbbf9278fd6d1ff5b0f69fcf0
BR0138,"2 bolsas de 2,5 kg | Rosti de brocoli",Rosti de brocoli,Forma estable,Guarniciones - Legumes Croquetas,Guarniciones,Forma,5.0,"2 X 2,5 KG",2,2.5,a0e80ca7d2bb3cb6df1766f5e88cc700
BR0139,"BonsaiPremium Rodajas de brocoli con cabo 5 x 1,75 kg",Rodajas de brocoli,Forma estable,Bastones clasicos - Reserva Privada,Bastones clasicos,Forma,8.75,"5 X 1,75 KG",5,1.75,a5e7768d78fa042d80c5a6e13cb6158d
BR0140,"Brocoli en rejilla - clasico - Caja de 13 packs de 0,5 kg | Ref SDH",Brocoli en rejilla,Forma estable,Bastones clasicos - Sigilo,Bastones clasicos,Forma,6.5,"13 X 0,5 KG",13,0.5,3280f8c61589426e9ce1efa28dcf44cf
BR0141,"13 bolsas de 0,5 kg | Brocoli en rejilla | Ref QNX",Brocoli en rejilla,Forma estable,Bastones clasicos - Sigilo,Bastones clasicos,Forma,6.5,"13 X 0,5 KG",13,0.5,3280f8c61589426e9ce1efa28dcf44cf
BR0142,Brocoli en rejilla - clasico - Caja de 11 packs de 1 kg | Ref M9P,Brocoli en rejilla,Forma estable,Bastones clasicos - Sigilo,Bastones clasicos,Forma,11.0,11 X 1 KG,11,1.0,46538be6ce954d7b010ddb9c9fb00f15
BR0143,"Bastones rectos de brocoli 6x6 mm - clasico - Caja de 5 packs de 2,5 kg | Ref GW8",Bastones rectos de brocoli,Estacional,Bastones clasicos - Reserva Privada,Bastones clasicos,Fino,12.5,5x2.5 kg,5,2.5,9ee5a9d773daf4331eb9a9a32fd5c416
BR0144,"5 bolsas de 2,5 kg | Bastones rectos de brocoli 6x6 mm | Ref RXH",Bastones rectos de brocoli,Estacional,Bastones clasicos - Reserva Privada,Bastones clasicos,Fino,12.5,"5X2,5 KG",,,f5f3efff7c88ba437f641c49fa136da5
BR0145,"BonsaiPremium Bastones rectos de brocoli 9x9 mm 5 x 2,5 kg | Ref AS7",Bastones rectos de brocoli,Estacional,Bastones clasicos - Reserva Privada,Bastones clasicos,Medio,12.5,"5 X 2,5 KG",5,2.5,3d854c34dff8fe0ca450fb0ddff18030
BR0146,"Bastones rectos de brocoli 9x18 mm - clasico - Caja de 5 packs de 2,5 kg",Bastones rectos de brocoli,Estacional,Bastones clasicos - Reserva Privada,Bastones clasicos,Corte steak,12.5,"5 X 2,5 KG",5,2.5,12cda4806343d3747bf24b8ec4cdadcb
BR0147,"5 bolsas de 2,5 kg | Bastones rectos de brocoli 6x6 mm | Ref VXL",Bastones rectos de brocoli,Estacional,Bastones clasicos - Sigilo,Bastones clasicos,Fino,12.5,"5 X 2,5 KG",5,2.5,e0f0d757e0995cc6d8f42ce6a520228e
BR0148,"5 bolsas de 2,5 kg | Bastones rectos de brocoli 9x9 mm | Ref TYH",Bastones rectos de brocoli,Estacional,Bastones clasicos - Sigilo,Bastones clasicos,Medio,12.5,"5 X 2,5 KG",5,2.5,42df43cac5362b6b332e67057aac0554
BR0149,"5 bolsas de 2,5 kg | Bastones rectos de brocoli 13x13 mm",Bastones rectos de brocoli,Estacional,Bastones clasicos - Sigilo,Bastones clasicos,Grueso,12.5,"5 X 2,5 KG",5,2.5,82d3c21174d8acabb19ba02e45548e28
BR0150,"Bastones rectos de brocoli 9x9 mm - clasico - Caja de 5 packs de 2,5 kg | Ref XV0",Bastones rectos de brocoli,Estacional,Bastones clasicos - Sigilo,Bastones clasicos,Medio,12.5,"5 X 2,5 KG",5,2.5,eb35ea3a60188f7974c4d3e95df76b3e
BR0151,"Brocoli zigzag 9x9 mm - clasico - Caja de 5 packs de 2,5 kg | Ref QIL",Brocoli zigzag,Forma estable,Bastones clasicos - Sigilo,Bastones clasicos,Forma,12.5,"5 X 2,5 kg",5,2.5,b9398e343219088e12e38f6e5de941dd
BR0152,"Bastones rectos de brocoli 9x9 mm - sazonado - Caja de 5 packs de 2,5 kg",Bastones rectos de brocoli,Estacional,Bastones clasicos - Sigilo,Bastones clasicos,Medio,12.5,"5 X 2,5 KG",5,2.5,b2890b93821dc2fabaab0a8bdffc0ba8
BR0153,"Brocoli zigzag 9x9 mm - clasico - Caja de 5 packs de 2,5 kg | Ref V9S",Brocoli zigzag,Forma estable,Bastones clasicos - Sigilo,Bastones clasicos,Forma,12.5,"5 X 2,5 KG",5,2.5,b6e81429b597286a1180f3ea4b629731
BR0154,"Bastones rectos de brocoli 6x6 mm - con cabo - Caja de 5 packs de 2,5 kg",Bastones rectos de brocoli,Estacional,Bastones clasicos - Sigilo,Bastones clasicos,Fino,12.5,"5 X 2,5 KG",5,2.5,e0f0d757e0995cc6d8f42ce6a520228e
BR0155,"Corte rustico de brocoli - clasico - Caja de 5 packs de 2,5 kg",Corte rustico de brocoli,Forma estable,Bastones clasicos - Sigilo,Bastones clasicos,Forma,12.5,"5 X 2,5 KG",5,2.5,b2890b93821dc2fabaab0a8bdffc0ba8
BR0156,"5 bolsas de 2,5 kg | Bastones rectos de brocoli 11x11 mm con cabo | Ref MBF",Bastones rectos de brocoli,Estacional,Bastones clasicos - Sigilo,Bastones clasicos,Medio,12.5,"5 X2,5 KG",5,,82d3c21174d8acabb19ba02e45548e28
BR0157,"Espirales de brocoli - sazonado - Caja de 5 packs de 2,5 kg | Ref KQC",Espirales de brocoli,Forma estable,Bastones clasicos - Sigilo,Bastones clasicos,Forma,12.5,5 X 2.5 KG,5,2.5,17eb41b333100d37e5061f79b4ac6d1b
BR0158,"Cubos de brocoli - sazonado - Caja de 5 packs de 2,5 kg",Cubos de brocoli,Forma estable,Guarniciones - Cubos,Guarniciones,Forma,12.5,"5 X 2,5 KG",5,2.5,bb1778b417b37db9194a7958762985ee
BR0159,"BonsaiGreen Gajos de brocoli sazonado 5 x 2,5 kg | Ref PO5",Gajos de brocoli,Forma estable,Bastones clasicos - Sigilo,Bastones clasicos,Forma,12.5,"5 X 2,5 KG",5,2.5,bee1ee50d857c700c72bb718c6f645db
BR0160,"Gajos de brocoli - sazonado - Caja de 5 packs de 2,5 kg",Gajos de brocoli,Forma estable,Bastones clasicos - Sigilo,Bastones clasicos,Forma,12.5,"5 X2,5 KG",5,,bee1ee50d857c700c72bb718c6f645db
BR0161,"BonsaiPremium Bastones rectos de brocoli 5 x 2,5 kg | Ref F6I",Bastones rectos de brocoli,Estacional,Brocoli especial - Bastones Especiales,Brocoli especial,Corte steak,12.5,"5 X 2,5 KG",5,2.5,42df43cac5362b6b332e67057aac0554
BR0162,11 bolsas de 1 kg | Tortitas de brocoli | Ref 1Y4,Tortitas de brocoli,Forma estable,Guarniciones - Tortitas,Guarniciones,Forma,11.0,5x2.5 kg,11,1.0,dcb0e779a9fa066abfd5ba5d40a9f80e
BR0163,"Dippers de brocoli - clasico - Caja de 5 packs de 2,5 kg",Dippers de brocoli,Forma estable,Bastones clasicos - Sigilo,Bastones clasicos,Forma,12.5,"5 X 2,5 KG",5,2.5,91989cfbd02fbc00379eee2a7e8883b2
BR0164,"Cubos de brocoli - clasico - Caja de 5 packs de 2,5 kg",Cubos de brocoli,Forma estable,Guarniciones - Cubos,Guarniciones,Forma,12.5,"5 X 2,5 KG",5,2.5,14d18b4fe55db299198b72b757676714
BR0165,"Mini tortitas de brocoli - clasico - Caja de 5 packs de 2,5 kg",Mini tortitas de brocoli,Forma estable,Guarniciones - Tortitas,Guarniciones,Forma,12.5,"5 X 2,5 KG",5,2.5,f01b49bf8183944154fdfa651ba118c4
BR0166,Bocados de brocoli con mozzarella - clasico - Caja de 5 packs de 1 kg | Ref JW3,Bocados de brocoli con mozzarella,Co-produccion,Snacks y aperitivos - Queso,Snacks y aperitivos,Forma,5.0,5 X 1 KG,5,1.0,5b4cc53c24420ba0af64043ef301d562
BR0167,Bocados de brocoli con queso cheddar - picante - Caja de 5 packs de 1 kg,Bocados de brocoli con queso cheddar,Co-produccion,Snacks y aperitivos - Queso,Snacks y aperitivos,Forma,5.0,5 X 1 KG,5,1.0,5540053054e3b007c2b33cf079112b44
BR0168,Aros de brocoli - crocante - Caja de 5 packs de 1 kg,Aros de brocoli,Co-produccion,Snacks y aperitivos - Aros y Vegetales,Snacks y aperitivos,Forma,5.0,5 X 1 KG,5,1.0,d81b530895a2d13487237f6d150a1ad3
BR0169,Rosti de brocoli - clasico - Caja de 11 packs de 1 kg | Ref OB2,Rosti de brocoli,Forma estable,Guarniciones - Tortitas,Guarniciones,Forma,11.0,11 X 1 KG,11,1.0,2fc396cb826bcbc3b29d2c06311d798b
BR0170,5 bolsas de 1 kg | Bocados de brocoli con queso cheddar picante,Bocados de brocoli con queso cheddar,Co-produccion,Snacks y aperitivos - Queso,Snacks y aperitivos,Forma,5.0,5 X 1 KG,5,1.0,5b4cc53c24420ba0af64043ef301d562
BR0171,BonsaiGreen Gajos de brocoli sazonado 11 x 1 kg,Gajos de brocoli,Forma estable,Bastones clasicos - Sigilo,Bastones clasicos,Forma,11.0,11 X 1 KG,11,1.0,943e0903ad219cb18a0fe562dc236b51
BR0172,"BonsaiGreen Dippers de brocoli 5 x 1,75 kg",Dippers de brocoli,Forma estable,Bastones clasicos - Sigilo,Bastones clasicos,Forma,8.75,"5 X 1,75 KG",5,1.75,b9398e343219088e12e38f6e5de941dd
BR0173,"5 bolsas de 1,75 kg | Bastones rectos de brocoli 9x9 mm",Bastones rectos de brocoli,Estacional,Bastones clasicos - Sigilo,Bastones clasicos,Medio,8.75,5x2.5 kg,5,1.75,5d219924f97f53b637007a637c7ee7e6
BR0174,"Gajos de brocoli - sazonado - Caja de 5 packs de 1,75 kg",Gajos de brocoli,Forma estable,Bastones clasicos - Sigilo,Bastones clasicos,Forma,8.75,"5 X 1,75 KG",5,1.75,bee1ee50d857c700c72bb718c6f645db
BR0175,"Brocoli en rejilla - sazonado - Caja de 5 packs de 1,75 kg",Brocoli en rejilla,Forma estable,Bastones clasicos - Sigilo,Bastones clasicos,Forma,8.75,"5 X 2,5kg",5,,47c07ae5e4f5be415e627b0a32de919e
BR0176,5 bolsas de 1 kg | Bocados de brocoli con queso cheddar picante,Bocados de brocoli con queso cheddar,Co-produccion,Snacks y aperitivos - Queso,Snacks y aperitivos,Forma,5.0,5 X 2.5 KG,5,1.0,3cf1a63192a337f8ff673510206eeb38
BR0177,BonsaiVegetales Bocados de brocoli con mozzarella 5 x 1 kg,Bocados de brocoli con mozzarella,Co-produccion,Snacks y aperitivos - Queso,Snacks y aperitivos,Forma,5.0,5 X 1 KG,5,1.0,3cf1a63192a337f8ff673510206eeb38
BR0178,5 bolsas de 1 kg | Bocados de brocoli con queso cheddar picante,Bocados de brocoli con queso cheddar,Co-produccion,Snacks y aperitivos - Queso,Snacks y aperitivos,Forma,5.0,5x2.5 kg,5,1.0,de625e52b93ea2a6217778fe2b09fc61
BR0179,BonsaiVegetales Bocados de brocoli con queso suizo 5 x 1 kg,Bocados de brocoli con queso suizo,Co-produccion,Snacks y aperitivos - Queso,Snacks y aperitivos,Forma,5.0,5 X 1 KG,5,1.0,e53adffdcabd1407844bfa9dabe381fb
BR0180,BonsaiVegetales Bocados de brocoli con queso crema picante 5 x 1 kg,Bocados de brocoli con queso crema,Co-produccion,Snacks y aperitivos - Queso,Snacks y aperitivos,Forma,5.0,5 X 1 KG,5,1.0,3cf1a63192a337f8ff673510206eeb38
BR0181,Bocados de brocoli con queso cheddar - picante - Caja de 5 packs de 1 kg,Bocados de brocoli con queso cheddar,Co-produccion,Snacks y aperitivos - Queso,Snacks y aperitivos,Forma,5.0,5 X 1 KG,5,1.0,3cf1a63192a337f8ff673510206eeb38
BR0182,"BonsaiPremium Bastones rectos de brocoli 5 x 2,5 kg | Ref F6I",Bastones rectos de brocoli,Estacional,Brocoli especial - Bastones Especiales,Brocoli especial,Corte steak,12.5,"5 X 2,5 KG",5,2.5,92ebeda4822ea1dc90f321dee5355f6e
BR0183,"BonsaiGreen Bastones rectos de brocoli 9x18 mm 5 x 2,5 kg | Ref IGH",Bastones rectos de brocoli,Estacional,Bastones clasicos - Sigilo,Bastones clasicos,Corte steak,12.5,"5X 2,5 KG",,2.5,6029457d9c814022e062762885920ec8
BR0184,"BonsaiPremium Bastones rectos de brocoli 9x9 mm 5 x 2,5 kg | Ref PH8",Bastones rectos de brocoli,Estacional,Bastones clasicos - Cielo,Bastones clasicos,Medio,12.5,"5 X 2,5 KG",5,2.5,8bf863b2f8f69860aa58c46da51f27e0
BR0185,"BonsaiGreen Brocoli zigzag 5 x 2,5 kg",Brocoli zigzag,Forma estable,Bastones clasicos - Sigilo,Bastones clasicos,Forma,12.5,"5 X 2,5 KG",5,2.5,ca4da811f5581149b5b3f47ec84c9c5a
BR0186,"5 bolsas de 2,5 kg | Mix crujiente de brocoli",Mix crujiente de brocoli,Forma estable,Bastones clasicos - Sigilo,Bastones clasicos,Forma,12.5,"5 X 2,5 KG",5,2.5,b2890b93821dc2fabaab0a8bdffc0ba8
BR0187,"BonsaiPremium Bastones rectos de brocoli 9x9 mm 5 x 2,5 kg | Ref 2QK",Bastones rectos de brocoli,Estacional,Bastones clasicos - Cielo,Bastones clasicos,Medio,12.5,"5 X 2,5 KG",5,2.5,8b7268f62c39e84c6021139d1853033a
BR0188,"BonsaiPremium Bastones rectos de brocoli 5 x 2,5 kg | Ref F6I",Bastones rectos de brocoli,Estacional,Brocoli especial - Bastones Especiales,Brocoli especial,Corte steak,12.5,"5 X 2,5 KG",5,2.5,54a376a884df0451a1a6d07e2ecd85c3
BR0189,"Corte rustico de brocoli - clasico - Caja de 5 packs de 2,5 kg",Corte rustico de brocoli,Forma estable,Bastones clasicos - Sigilo,Bastones clasicos,Forma,12.5,"5 X 2,5 KG",5,2.5,2bcfb295bee600aa6914bbd06f5891b6
BR0189,"Corte rustico de brocoli - clasico - Caja de 5 packs de 2,5 kg",Corte rustico de brocoli,Forma estable,Bastones clasicos - Sigilo,Bastones clasicos,Forma,12.5,"5 X 2,5 KG",5,2.5,2bcfb295bee600aa6914bbd06f5891b6
BR0190,"5 bolsas de 2,5 kg | Corte rustico de brocoli | Ref 97Y",Corte rustico de brocoli,Forma estable,Bastones clasicos - Sigilo,Bastones clasicos,Forma,12.5,"5 X 2,5 KG",5,2.5,2bcfb295bee600aa6914bbd06f5891b6
BR0191,"Bastones rectos de brocoli - clasico - Caja de 5 packs de 2,5 kg | Ref 11C",Bastones rectos de brocoli,Estacional,Bastones clasicos - Sigilo,Bastones clasicos,Medio,12.5,"5 X 2,5 KG",5,2.5,6029457d9c814022e062762885920ec8
BR0192,"5 bolsas de 2,5 kg | Bastones rectos de brocoli | Ref GXS",Bastones rectos de brocoli,Estacional,Bastones clasicos - Sigilo,Bastones clasicos,Grueso,12.5,"5 X 2,5kg",5,,22a6616ef34a0a850df2b9b66c6692d5
BR0193,"Brocoli zigzag 9x9 mm - clasico - Caja de 5 packs de 2,5 kg | Ref V9S",Brocoli zigzag,Forma estable,Bastones clasicos - Sigilo,Bastones clasicos,Forma,12.5,"5 X 2,5 KG",5,2.5,ca4da811f5581149b5b3f47ec84c9c5a
BR0193,"Brocoli zigzag 9x9 mm - clasico - Caja de 5 packs de 2,5 kg | Ref V9S",Brocoli zigzag,Forma estable,Bastones clasicos - Sigilo,Bastones clasicos,Forma,12.5,5x2.5 kg,5,2.5,ca4da811f5581149b5b3f47ec84c9c5a
BR0194,"5 bolsas de 1,75 kg | Bastones rectos de brocoli 6x6 mm",Bastones rectos de brocoli,Estacional,Brocoli especial - Bastones Especiales,Brocoli especial,Fino,8.75,"5X2,5 KG",,,057b7f8c3772129fb0b8cccf3c827c80
BR0195,"BonsaiGreen Bastones rectos de brocoli 9x9 mm con cabo 5 x 2,5 kg | Ref GPT",Bastones rectos de brocoli,Estacional,Bastones clasicos - Sigilo,Bastones clasicos,Medio,12.5,"5 X 2,5 KG",5,2.5,bd62436e72b572461e548cf6e4bfdd7d
BR0195,"BonsaiGreen Bastones rectos de brocoli 9x9 mm con cabo 5 x 2,5 kg | Ref GPT",Bastones rectos de brocoli,Estacional,Bastones clasicos - Sigilo,Bastones clasicos,Medio,12.5,"5 X 2,5 kg",5,2.5,bd62436e72b572461e548cf6e4bfdd7d
BR0196,"Bastones rectos de brocoli - clasico - Caja de 5 packs de 2,5 kg | Ref M96",Bastones rectos de brocoli,Estacional,Bastones clasicos - Sigilo,Bastones clasicos,Grueso,12.5,"5 X 2,5 KG",5,2.5,d85c4a361706e14cbb988a121812673a
BR0197,"Bastones rectos de brocoli 7x7 mm - clasico - Caja de 5 packs de 2,5 kg",Bastones rectos de brocoli,Estacional,Bastones clasicos - Legumes Frites,Bastones clasicos,Fino,12.5,"5 X 2,5 KG",5,2.5,fce36b1b860f566c05d3e06484e6f4e2
BR0198,"BonsaiGreen Bastones rectos de brocoli 9x9 mm 5 x 2,5 kg | Ref TJZ",Bastones rectos de brocoli,Estacional,Bastones clasicos - Legumes Frites,Bastones clasicos,Medio,12.5,"5 X 2,5 KG",5,2.5,30cfce68c5506ad8e83e32665dba84af
BR0199,"BonsaiGreen Bastones rectos de brocoli 9x9 mm 5 x 2,5 kg | Ref 66Q",Bastones rectos de brocoli,Estacional,Bastones clasicos - Legumes Frites,Bastones clasicos,Medio,12.5,"5 X 2,5 KG",5,2.5,5b64c63cc03d5ad1d7a8dc9356e4a41f
BR0200,"BonsaiGreen Bastones rectos de brocoli 11x11 mm 5 x 2,5 kg | Ref 94Q",Bastones rectos de brocoli,Estacional,Bastones clasicos - Legumes Frites,Bastones clasicos,Medio,12.5,"5 X 2,5 KG",5,2.5,4e09bb5ee16a086bf02ca2d39b2d5804
BR0201,"5 bolsas de 2,5 kg | Bastones rectos de brocoli 9x18 mm | Ref M8G",Bastones rectos de brocoli,Estacional,Bastones clasicos - Legumes Frites,Bastones clasicos,Corte steak,12.5,"5 X 2,5 KG",5,2.5,b2a1bd10e103dae56072fe8ba4f0ca15
BR0202,"5 bolsas de 2,5 kg | Bastones rectos de brocoli 9x18 mm | Ref VXR",Bastones rectos de brocoli,Estacional,Bastones clasicos - Legumes Frites,Bastones clasicos,Corte steak,12.5,"5 X 2,5 KG",5,2.5,1e88f58b415233ddb0092e1d2c28df9b
BR0203,"5 bolsas de 2,5 kg | Bastones rectos de brocoli 9x9 mm | Ref 3JD",Bastones rectos de brocoli,Estacional,Bastones clasicos - Legumes Frites Salados,Bastones clasicos,Medio,12.5,"5 X 2,5 KG",5,2.5,623e13a6f27840cacf8833829b96bf96
BR0204,"5 bolsas de 2,5 kg | Bastones rectos de brocoli 6x6 mm | Ref MQU",Bastones rectos de brocoli,Estacional,Bastones clasicos - Legumes Frites Salados,Bastones clasicos,Fino,12.5,"5 X 2,5 KG",5,2.5,c8c092bbf8da5f80452c66c38d27305f
BR0205,"Bastones rectos de brocoli 6x6 mm - crocante - Caja de 5 packs de 2,5 kg | Ref 3CH",Bastones rectos de brocoli,Estacional,Bastones extra crocantes - Muy Crocantes,Bastones extra crocantes,Fino,12.5,"5 X 2,5 KG",5,2.5,b9398e343219088e12e38f6e5de941dd
BR0206,"5 bolsas de 2,5 kg | Bastones rectos de brocoli 9x9 mm crocante",Bastones rectos de brocoli,Estacional,Bastones extra crocantes - Muy Crocantes,Bastones extra crocantes,Medio,12.5,5x2.5 kg,5,2.5,56ae1229b9584ad7debf6e1ab60c6098
BR0207,"Bastones rectos de brocoli 9x9 mm - crocante - Caja de 5 packs de 2,5 kg | Ref M67",Bastones rectos de brocoli,Estacional,Bastones extra crocantes - Muy Crocantes,Bastones extra crocantes,Medio,12.5,"5 X 2,5 KG",5,2.5,56ae1229b9584ad7debf6e1ab60c6098
BR0208,"Bastones rectos de brocoli 9x9 mm - crocante - Caja de 5 packs de 2,5 kg | Ref XJG",Bastones rectos de brocoli,Estacional,Bastones extra crocantes - Muy Crocantes,Bastones extra crocantes,Medio,12.5,"5 X 2,5 KG",5,2.5,ef0525f0911fd36073c2b10f4d81dfd5
BR0209,"BonsaiPremium Bastones rectos de brocoli 13x13 mm 5 x 2,5 kg",Bastones rectos de brocoli,Estacional,Bastones clasicos - Reserva Privada,Bastones clasicos,Grueso,12.5,"5 X 2,5 KG",5,2.5,2aaaa77d77af6aa72778a4150b345b3a
BR0209,"BonsaiPremium Bastones rectos de brocoli 13x13 mm 5 x 2,5 kg",Bastones rectos de brocoli,Estacional,Bastones clasicos - Reserva Privada,Bastones clasicos,Grueso,12.5,"5 X 2,5 KG",5,2.5,b9e5f64dda13af4491872ff4649b5e0c
BR0210,"5 bolsas de 2,5 kg | Bastones rectos de brocoli 16x18 mm",Bastones rectos de brocoli,Estacional,Bastones clasicos - Reserva Privada,Bastones clasicos,Grueso,12.5,"5 X 2,5 KG",5,2.5,1e88f58b415233ddb0092e1d2c28df9b
BR0211,"Bastones rectos de brocoli 16x18 mm - con cabo - Caja de 5 packs de 2,5 kg",Bastones rectos de brocoli,Estacional,Bastones clasicos - Reserva Privada,Bastones clasicos,Grueso,12.5,5x2.5 kg,5,2.5,1e88f58b415233ddb0092e1d2c28df9b
BR0212,"BonsaiGreen Brocoli zigzag 9x9 mm 5 x 2,5 kg",Brocoli zigzag,Forma estable,Bastones clasicos - Sigilo,Bastones clasicos,Forma,12.5,"5 X 2,5 KG",5,2.5,3af72f07c54a6a5e073870d3a094dcd0
BR0213,"Espirales de brocoli - sazonado - Caja de 11 packs de 0,5 kg",Espirales de brocoli,Forma estable,Bastones clasicos - Sigilo,Bastones clasicos,Forma,5.5,"11 X 0,5 KG",11,0.5,73e638e77ccc20e6cca9daf3dfb3df8c
BR0214,"11 bolsas de 0,5 kg | Bastones rectos de brocoli",Bastones rectos de brocoli,Estacional,Bastones clasicos - Sigilo,Bastones clasicos,Forma,8.25,"11 X 0,75 KG",11,0.75,74672f3b7169d951bca4a5beba21c127
BR0215,"Brocoli en rejilla - sazonado - Caja de 9 packs de 0,5 kg | Ref WRG",Brocoli en rejilla,Forma estable,Bastones clasicos - Sigilo,Bastones clasicos,Forma,4.5,"9 X 0,5 KG",9,0.5,74672f3b7169d951bca4a5beba21c127
BR0216,"Tiras para dip de brocoli - con sal - Caja de 11 packs de 0,5 kg",Tiras para dip de brocoli,Forma estable,Bastones clasicos - Sigilo,Bastones clasicos,Forma,5.5,"11 X 0,5 KG",11,0.5,3cf1a63192a337f8ff673510206eeb38
BR0217,"BonsaiGreen Brocoli zigzag sazonado 9 x 0,75 kg",Brocoli zigzag,Forma estable,Bastones clasicos - Sigilo,Bastones clasicos,Forma,6.75,"9 X 0,75 KG",9,0.75,4c289dfcdb1f9fab8de1224c88f288d0
BR0218,"BonsaiGreen Bastones rectos de brocoli 16x18 mm con cabo 13 x 0,75 kg",Bastones rectos de brocoli,Estacional,Bastones clasicos - Legumes Frites,Bastones clasicos,Grueso,9.75,"5 X 2,5kg",13,,602053d7a0560b9b10fe94d89ec4e1ff
BR0219,"BonsaiGreen Tiras para dip de brocoli con sal 9 x 0,75 kg",Tiras para dip de brocoli,Forma estable,Bastones clasicos - Sigilo,Bastones clasicos,Forma,6.75,"9 X 0,75 KG",9,0.75,21c62b75156dd5065f3a69d3ca17bd2a
BR0220,"9 bolsas de 0,5 kg | Espirales de brocoli",Espirales de brocoli,Forma estable,Bastones clasicos - Reserva Privada,Bastones clasicos,Forma,4.5,"9 X 0,5 KG",9,0.5,422f2d20698727bf9c992c916d6e1280
BR0221,"BonsaiGreen Espirales de brocoli sazonado 9 x 0,5 kg",Espirales de brocoli,Forma estable,Bastones clasicos - Sigilo,Bastones clasicos,Forma,4.5,"9 X 0,5 KG",9,0.5,a2de065ba628ff467813c87f29407f52
BR0222,"Brocoli en rejilla - sazonado - Caja de 9 packs de 0,5 kg | Ref R6I",Brocoli en rejilla,Forma estable,Bastones clasicos - Sigilo,Bastones clasicos,Forma,4.5,"9 X 0,5 KG",9,0.5,fdfc2140b8ceabc8da48b6c2886fe22d
BR0223,"Brocoli zigzag - clasico - Caja de 9 packs de 0,75 kg",Brocoli zigzag,Forma estable,Bastones clasicos - Sigilo,Bastones clasicos,Forma,6.75,"9 X 0,75 KG",9,0.75,422f2d20698727bf9c992c916d6e1280
BR0224,"9 bolsas de 0,5 kg | Dippers de brocoli",Dippers de brocoli,Forma estable,Bastones clasicos - Sigilo,Bastones clasicos,Forma,6.75,"9 X 0,75 KG",9,0.75,e54ba3b46441c641610ec42e56d62cfb
BR0225,"BonsaiGreen Corte rustico de brocoli 9 x 0,75 kg",Corte rustico de brocoli,Forma estable,Bastones clasicos - Sigilo,Bastones clasicos,Forma,6.75,"9 X 0,75 KG",9,0.75,4f7f27e853f8b7512583b31ae0c2779d
BR0226,"Bastones rectos de brocoli 9x9 mm - con cabo - Caja de 11 packs de 0,75 kg",Bastones rectos de brocoli,Estacional,Bastones clasicos - Sigilo,Bastones clasicos,Medio,8.25,"11 X 0,75 KG",11,0.75,422f2d20698727bf9c992c916d6e1280
BR0227,"Brocoli zigzag - sazonado - Caja de 9 packs de 0,75 kg",Brocoli zigzag,Forma estable,Bastones clasicos - Sigilo,Bastones clasicos,Forma,6.75,"5 X2,5 KG",9,,7ac978e5f0f94fd099ec31286fb57846
BR0228,"9 bolsas de 0,75 kg | Bastones rectos de brocoli",Bastones rectos de brocoli,Estacional,Bastones clasicos - Sigilo,Bastones clasicos,Fino,6.75,"9 X 0,75 KG",9,0.75,422f2d20698727bf9c992c916d6e1280
BR0229,"Brocoli en rejilla - sazonado - Caja de 9 packs de 0,5 kg | Ref R6I",Brocoli en rejilla,Forma estable,Bastones clasicos - Sigilo,Bastones clasicos,Forma,4.5,"9 X 0,5 KG",9,0.5,fdfc2140b8ceabc8da48b6c2886fe22d
BR0230,"BonsaiGreen Bastones rectos de brocoli 9x9 mm con cabo 9 x 0,75 kg",Bastones rectos de brocoli,Estacional,Bastones clasicos - Sigilo,Bastones clasicos,Medio,6.75,"9 X 0,75 KG",9,0.75,bf4810af2c3a721abe2b0f8698dc4313
BR0231,"9 bolsas de 0,75 kg | Bastones rectos de brocoli",Bastones rectos de brocoli,Estacional,Bastones clasicos - Sigilo,Bastones clasicos,Fino,6.75,"9 X 0,75 KG",9,0.75,f3108b9695ef6420ab92a29c97d1f222
BR0232,"Espirales de brocoli - sazonado - Caja de 5 packs de 2,5 kg | Ref D2J",Espirales de brocoli,Forma estable,Bastones clasicos - Sigilo,Bastones clasicos,Forma,12.5,"5 X 2,5 KG",5,2.5,17eb41b333100d37e5061f79b4ac6d1b
BR0233,"Brocoli en rejilla - sazonado - Caja de 5 packs de 2,5 kg",Brocoli en rejilla,Forma estable,Bastones clasicos - Sigilo,Bastones clasicos,Forma,12.5,"5 X 2,5 KG",5,2.5,bd62436e72b572461e548cf6e4bfdd7d
BR0234,"Cubos de brocoli - clasico - Caja de 5 packs de 2,5 kg",Cubos de brocoli,Forma estable,Guarniciones - Cubos,Guarniciones,Forma,12.5,"5 X 2,5 KG",5,2.5,422f2d20698727bf9c992c916d6e1280
BR0235,"5 bolsas de 2,5 kg | Tortitas de brocoli",Tortitas de brocoli,Forma estable,Guarniciones - Tortitas,Guarniciones,Forma,12.5,"5 X 2,5 KG",5,2.5,c68517097037ec6420e21676ab2f1609
BR0236,"Rosti de brocoli - clasico - Caja de 5 packs de 2,5 kg",Rosti de brocoli,Forma estable,Guarniciones - Tortitas,Guarniciones,Forma,12.5,"5 X 2,5 KG",5,2.5,6bf7838d3709d8f15fdad06ed6484d8e
BR0237,"BonsaiGreen Brocoli ondulado 5 x 2,5 kg",Brocoli ondulado,Forma estable,Bastones clasicos - Sigilo,Bastones clasicos,Forma,12.5,"5 X 2,5 KG",5,2.5,76a07688b6827caad810f08f88a895b2
BR0238,"Bastones rectos de brocoli 6x6 mm - picante - Caja de 5 packs de 1,75 kg",Bastones rectos de brocoli,Estacional,Bastones clasicos - Sigilo,Bastones clasicos,Fino,8.75,"5 X 2,5kg",5,,44dcef2d118371320d6b3f36794b10c0
BR0239,"Dippers de brocoli - clasico - Caja de 5 packs de 2,5 kg",Dippers de brocoli,Forma estable,Bastones clasicos - Sigilo,Bastones clasicos,Forma,12.5,"5 X 2,5 KG",5,2.5,4a996ddd03e81fc2dbda07eb0ca1135d
BR0240,"Dippers de brocoli - clasico - Caja de 5 packs de 2,5 kg",Dippers de brocoli,Forma estable,Bastones clasicos - Sigilo,Bastones clasicos,Forma,12.5,"5 X 2,5 KG",5,2.5,4a996ddd03e81fc2dbda07eb0ca1135d
BR0241,"5 bolsas de 2,5 kg | Gajos de brocoli sazonado",Gajos de brocoli,Forma estable,Bastones clasicos - Sigilo,Bastones clasicos,Forma,12.5,"5 X 2,5 KG",5,2.5,106bb1cf64b3899e4631853ed3545c95
BR0242,"5 bolsas de 1,75 kg | Rodajas de brocoli",Rodajas de brocoli,Forma estable,Bastones clasicos - Reserva Privada,Bastones clasicos,Forma,8.75,"5 X 1,75 KG",5,1.75,81b0d8fe9c9138cab4b219072e8c19c3
BR0243,"5 bolsas de 2,5 kg | Brocoli en rejilla sazonado, con cabo | Ref XZ2",Brocoli en rejilla,Forma estable,Bastones clasicos - Sigilo,Bastones clasicos,Forma,12.5,"5 X 2,5 KG",5,2.5,0b1eab65d0cf634954fecfe2e9f2b337
BR0244,"Espirales de brocoli - sazonado, con cabo - Caja de 5 packs de 2,5 kg",Espirales de brocoli,Forma estable,Bastones clasicos - Sigilo,Bastones clasicos,Forma,12.5,"5 X 2,5 KG",5,2.5,81b0d8fe9c9138cab4b219072e8c19c3
BR0245,Rosti de brocoli - clasico - Caja de 11 packs de 1 kg | Ref AD9,Rosti de brocoli,Forma estable,Guarniciones - Tortitas,Guarniciones,Forma,11.0,11 X 1 KG,11,1.0,78a9769d0348193b1b9ddcf416284c9f
BR0246,Bocaditos inflados de brocoli - clasico - Caja de 11 packs de 1 kg,Bocaditos inflados de brocoli,Forma estable,Snacks y aperitivos - Base Brocoli,Snacks y aperitivos,Forma,11.0,11 X 1 KG,11,1.0,7cbf5d32f3fb6265dbf5bed3c7e567a4
BR0247,"BonsaiPremium Bastones rectos de brocoli 6x6 mm 5 x 2,5 kg | Ref 3BS",Bastones rectos de brocoli,Estacional,Bastones clasicos - Reserva Privada,Bastones clasicos,Fino,12.5,"5 X 2,5 KG",5,2.5,0a3dd3e01e43d4796c7cf1e84a70c57e
BR0248,"BonsaiPremium Bastones rectos de brocoli 6x6 mm 5 x 2,5 kg | Ref EBV",Bastones rectos de brocoli,Estacional,Bastones clasicos - Reserva Privada,Bastones clasicos,Fino,12.5,5 X 2.5 KG,5,2.5,845990194eeb50cd131954a55fecd655
BR0249,"5 bolsas de 2,5 kg | Bastones rectos de brocoli 6x6 mm | Ref MO1",Bastones rectos de brocoli,Estacional,Bastones clasicos - Reserva Privada,Bastones clasicos,Fino,12.5,"5 X 2,5 KG",5,2.5,47c07ae5e4f5be415e627b0a32de919e
BR0250,"BonsaiPremium Bastones rectos de brocoli 6x6 mm 5 x 2,5 kg | Ref HQ9",Bastones rectos de brocoli,Estacional,Bastones clasicos - Reserva Privada,Bastones clasicos,Fino,12.5,"5 X 2,5 KG",5,2.5,47c07ae5e4f5be415e627b0a32de919e
BR0251,"Bastones rectos de brocoli 6x6 mm - clasico - Caja de 5 packs de 2,5 kg | Ref KYM",Bastones rectos de brocoli,Estacional,Bastones clasicos - Reserva Privada,Bastones clasicos,Fino,12.5,"5 X 2,5 KG",5,2.5,30c311b6218ec6995bda8fcc413c4d17
BR0252,"BonsaiPremium Bastones rectos de brocoli 6x6 mm 5 x 2,5 kg | Ref 9HL",Bastones rectos de brocoli,Estacional,Bastones clasicos - Reserva Privada,Bastones clasicos,Fino,12.5,"5 X 2,5 kg",5,2.5,30c311b6218ec6995bda8fcc413c4d17
BR0253,"BonsaiPremium Bastones rectos de brocoli 6x6 mm 5 x 2,5 kg | Ref 6DP",Bastones rectos de brocoli,Estacional,Bastones clasicos - Reserva Privada,Bastones clasicos,Fino,12.5,"5 X 2,5 KG",5,2.5,845990194eeb50cd131954a55fecd655
BR0253,"BonsaiPremium Bastones rectos de brocoli 6x6 mm 5 x 2,5 kg | Ref 6DP",Bastones rectos de brocoli,Estacional,Bastones clasicos - Reserva Privada,Bastones clasicos,Fino,12.5,"5 X 2,5 KG",5,2.5,845990194eeb50cd131954a55fecd655
BR0254,"5 bolsas de 2,5 kg | Bastones rectos de brocoli 6x6 mm | Ref 7FD",Bastones rectos de brocoli,Estacional,Bastones clasicos - Reserva Privada,Bastones clasicos,Fino,12.5,"5 X 2,5 KG",5,2.5,845990194eeb50cd131954a55fecd655
BR0255,"BonsaiPremium Bastones rectos de brocoli 6x6 mm 5 x 2,5 kg | Ref UW8",Bastones rectos de brocoli,Estacional,Bastones clasicos - Reserva Privada,Bastones clasicos,Fino,12.5,"5 X 2,5 KG",5,2.5,35f811cd29630dfbbdb666ba25580dac
BR0256,"BonsaiPremium Bastones rectos de brocoli 6x6 mm 5 x 2,5 kg | Ref R0L",Bastones rectos de brocoli,Estacional,Bastones clasicos - Reserva Privada,Bastones clasicos,Fino,12.5,"5 X 2,5 kg",5,2.5,f5bd804a90f4512d522129ccb62d549f
BR0257,"BonsaiPremium Bastones rectos de brocoli 6x6 mm 5 x 2,5 kg | Ref 9HL",Bastones rectos de brocoli,Estacional,Bastones clasicos - Reserva Privada,Bastones clasicos,Fino,12.5,"5 X 2,5 KG",5,2.5,47c07ae5e4f5be415e627b0a32de919e
BR0258,"BonsaiPremium Bastones rectos de brocoli 6x6 mm 5 x 2,5 kg | Ref EBV",Bastones rectos de brocoli,Estacional,Bastones clasicos - Reserva Privada,Bastones clasicos,Fino,12.5,"5 X 2,5 KG",5,2.5,47c07ae5e4f5be415e627b0a32de919e
BR0259,"5 bolsas de 2,5 kg | Corte rustico de brocoli | Ref VYR",Corte rustico de brocoli,Forma estable,Bastones clasicos - Sigilo,Bastones clasicos,Forma,12.5,"5 X 2,5 KG",5,2.5,3ec465fc7f05b17abe8bfa7600eba425
BR0260,"5 bolsas de 2,5 kg | Bastones rectos de brocoli 9x9 mm | Ref RZ3",Bastones rectos de brocoli,Estacional,Bastones clasicos - Legumes Frites Salados,Bastones clasicos,Medio,12.5,"5 X 2,5 KG",5,2.5,623e13a6f27840cacf8833829b96bf96
BR0261,"BonsaiPremium Gajos de brocoli 5 x 2,5 kg",Gajos de brocoli,Forma estable,Bastones clasicos - Reserva Privada,Bastones clasicos,Forma,12.5,"5 X 2,5 KG",5,2.5,67e5f2924f62dfd36097f40431a1322b
BR0262,BonsaiVegetales Cubos de brocoli 11 x 1 kg,Cubos de brocoli,Forma estable,Guarniciones - Cubos,Guarniciones,Forma,11.0,11 X 1 KG,11,1.0,67e5f2924f62dfd36097f40431a1322b
BR0263,"5 bolsas de 2,5 kg | Bastones rectos de brocoli | Ref 2YG",Bastones rectos de brocoli,Estacional,Bastones clasicos - Legumes Frites,Bastones clasicos,Corte steak,12.5,"5 X 2,5 KG",5,2.5,1235d2c994be7bb77d7eef060ecf96f6
BR0264,"5 bolsas de 2,5 kg | Bastones rectos de brocoli | Ref GW2",Bastones rectos de brocoli,Estacional,Bastones clasicos - Legumes Frites,Bastones clasicos,Medio,12.5,"5 X 2,5 KG",5,2.5,22a6616ef34a0a850df2b9b66c6692d5
BR0265,"Gajos de brocoli - clasico - Caja de 5 packs de 2,5 kg | Ref SF8",Gajos de brocoli,Forma estable,Bastones clasicos - Reserva Privada,Bastones clasicos,Forma,12.5,"5 X 2,5 KG",5,2.5,7fc0924c71d7a9bb124dcdcebcf6f950
BR0266,"13 bolsas de 0,75 kg | Espirales de brocoli",Espirales de brocoli,Forma estable,Bastones clasicos - Sigilo,Bastones clasicos,Forma,9.75,"13 X 0,75 KG",13,0.75,7b55662e8c6953150223589dbc717d92
BR0267,"5 bolsas de 2,5 kg | Bastones rectos de brocoli con cabo, crocante",Bastones rectos de brocoli,Estacional,Bastones clasicos - Sigilo,Bastones clasicos,Fino,12.5,"5 X 2,5 KG",5,2.5,0a3dd3e01e43d4796c7cf1e84a70c57e
BR0268,"BonsaiGreen Bastones rectos de brocoli 9x9 mm 5 x 2,5 kg | Ref 5JJ",Bastones rectos de brocoli,Estacional,Bastones clasicos - Legumes Frites,Bastones clasicos,Medio,12.5,"5 X 2,5 KG",5,2.5,dbb291248e849bc6807762eb48e5f5cf
BR0269,BonsaiGreen Bastones rectos de brocoli 9x9 mm 11 x 1 kg,Bastones rectos de brocoli,Estacional,Bastones clasicos - Legumes Frites,Bastones clasicos,Medio,11.0,"5X2,5 KG",,,18729392e748ea31ed354313be390018
BR0270,"Bastones rectos de brocoli 9x9 mm - crocante - Caja de 5 packs de 2,5 kg | Ref 0DP",Bastones rectos de brocoli,Estacional,Bastones clasicos - Sigilo,Bastones clasicos,Medio,12.5,"5 X 2,5 KG",5,2.5,fce36b1b860f566c05d3e06484e6f4e2
BR0271,"13 bolsas de 0,75 kg | Bastones rectos de brocoli 9x9 mm crocante",Bastones rectos de brocoli,Estacional,Bastones clasicos - Sigilo,Bastones clasicos,Medio,9.75,"13 X 0,75 KG",13,0.75,56ae1229b9584ad7debf6e1ab60c6098
BR0272,"BonsaiGreen Brocoli zigzag 13 x 0,75 kg",Brocoli zigzag,Forma estable,Bastones clasicos - Sigilo,Bastones clasicos,Forma,9.75,"13 X 0,75 KG",13,0.75,52ed6fca650b46cc25cfee09bbc5cb44
BR0273,"5 bolsas de 2,5 kg | Bastones rectos de brocoli 6x6 mm crocante",Bastones rectos de brocoli,Estacional,Bastones clasicos - Sigilo,Bastones clasicos,Fino,10.0,5 X 2 KG,5,2.0,91989cfbd02fbc00379eee2a7e8883b2
BR0274,BonsaiGreen Bastones rectos de brocoli 6x6 mm crocante 13 x 1 kg,Bastones rectos de brocoli,Estacional,Bastones clasicos - Sigilo,Bastones clasicos,Fino,13.0,5 X 2.5 KG,13,1.0,173e7987f487b6c7b81b4264f2b747eb
BR0275,"Gajos de brocoli - sazonado - Caja de 13 packs de 0,75 kg | Ref Y7V",Gajos de brocoli,Forma estable,Bastones clasicos - Sigilo,Bastones clasicos,Forma,9.75,"13 X 0,75 KG",13,0.75,bb1778b417b37db9194a7958762985ee
BR0276,"BonsaiGreen Gajos de brocoli sazonado 5 x 2,5 kg | Ref B13",Gajos de brocoli,Forma estable,Bastones clasicos - Sigilo,Bastones clasicos,Forma,12.5,"5 X 2,5 KG",5,2.5,bee1ee50d857c700c72bb718c6f645db
BR0277,"BonsaiGreen Brocoli en rejilla sazonado, con cabo 13 x 0,75 kg",Brocoli en rejilla,Forma estable,Bastones clasicos - Sigilo,Bastones clasicos,Forma,9.75,"5 x 2,5 kg",,,0b1eab65d0cf634954fecfe2e9f2b337
BR0278,"5 bolsas de 2,5 kg | Brocoli en rejilla sazonado, con cabo | Ref SEK",Brocoli en rejilla,Forma estable,Bastones clasicos - Sigilo,Bastones clasicos,Forma,12.5,"5 X 2,5 KG",5,2.5,0b1eab65d0cf634954fecfe2e9f2b337
BR0279,"13 bolsas de 0,75 kg | Espirales de brocoli sazonado, con cabo",Espirales de brocoli,Forma estable,Bastones clasicos - Sigilo,Bastones clasicos,Forma,9.75,"13 X 0,75 KG",13,0.75,173e7987f487b6c7b81b4264f2b747eb
BR0280,"5 bolsas de 2,5 kg | Espirales de brocoli sazonado, con cabo",Espirales de brocoli,Forma estable,Bastones clasicos - Sigilo,Bastones clasicos,Forma,12.5,5 X 2.5 KG,5,2.5,17eb41b333100d37e5061f79b4ac6d1b
BR0281,11 bolsas de 1 kg | Tortitas de brocoli | Ref 1Y4,Tortitas de brocoli,Forma estable,Guarniciones - Tortitas,Guarniciones,Forma,11.0,11 X 1 KG,11,1.0,dc1de49033a3ee1314e007b70f96e862
BR0282,"BonsaiVegetales Aros de brocoli crocante 13 x 0,5 kg",Aros de brocoli,Co-produccion,Snacks y aperitivos - Aros y Vegetales,Snacks y aperitivos,Forma,6.5,"5 x 2,5 kg",,,b9a729f7ac411dc4783dea402bf4e617
BR0283,Dippers de brocoli - clasico - Caja de 11 packs de 1 kg,Dippers de brocoli,Forma estable,Bastones clasicos - Sigilo,Bastones clasicos,Forma,11.0,11 X 1 KG,11,1.0,29a2bc4fc890e39d70390e626d735e03
BR0284,Bastones rectos de brocoli 6x6 mm - clasico - Caja de 11 packs de 1 kg | Ref 8CD,Bastones rectos de brocoli,Estacional,Bastones clasicos - Legumes Frites,Bastones clasicos,Fino,11.0,11 X 1 KG,11,1.0,98b55be8ca40579535ed996639895fb5
BR0285,BonsaiPremium Gajos de brocoli 11 x 1 kg | Ref 3T5,Gajos de brocoli,Forma estable,Bastones clasicos - Reserva Privada,Bastones clasicos,Forma,11.0,"5 x 2,5 kg",,,079828584749f89c6e998317886ea4cf
BR0286,11 bolsas de 1 kg | Bastones rectos de brocoli 12x12 mm,Bastones rectos de brocoli,Estacional,Bastones clasicos - Legumes Frites,Bastones clasicos,Medio,11.0,"5 X 2,5kg",11,,01a2a319402ed2155292c04d8748e16f
BR0287,"Brocoli en rejilla - sazonado, con cabo - Caja de 5 packs de 2,5 kg",Brocoli en rejilla,Forma estable,Bastones clasicos - Sigilo,Bastones clasicos,Forma,12.5,"5 X 2,5 KG",5,2.5,0b1eab65d0cf634954fecfe2e9f2b337
BR0288,"BonsaiVegetales Pure de brocoli 5 x 2,5 kg",Pure de brocoli,Co-produccion,Guarniciones - Pure,Guarniciones,Forma,12.5,"5 X 2,5 KG",5,2.5,e04ec2d8fbdb602a330f68e409a51828
BR0289,"Gajos de brocoli - clasico - Caja de 5 packs de 2,5 kg | Ref 0F7",Gajos de brocoli,Forma estable,Bastones clasicos - Sigilo,Bastones clasicos,Forma,12.5,"5 X 2,5 KG",5,2.5,753d01aabf3b6395956963f247d3e588
BR0290,"BonsaiPremium Brocoli en rejilla 5 x 2,5 kg",Brocoli en rejilla,Forma estable,Bastones clasicos - Reserva Privada,Bastones clasicos,Forma,12.5,"5 X 2,5 KG",5,2.5,bd62436e72b572461e548cf6e4bfdd7d
BR0291,"BonsaiGreen Bastones rectos de brocoli 5 x 2,5 kg | Ref BBL",Bastones rectos de brocoli,Estacional,Bastones clasicos - Sigilo,Bastones clasicos,Grueso,12.5,"5 X 2,5 KG",5,2.5,d66062da2ea02af9a197381fef2d9894
BR0292,"16 bolsas de 0,5 kg | Espirales de brocoli",Espirales de brocoli,Forma estable,Bastones clasicos - Sigilo,Bastones clasicos,Forma,8.0,"16 X 0,5 KG",16,0.5,ae15293d8a6de7c947025fc6cfa939e6
BR0293,"Gajos de brocoli - frito - Caja de 16 packs de 0,75 kg",Gajos de brocoli,Forma estable,Bastones clasicos - Sigilo,Bastones clasicos,Forma,12.0,"16 X 0,75 KG",16,0.75,5b64c63cc03d5ad1d7a8dc9356e4a41f
BR0294,"BonsaiGreen Bastones rectos de brocoli sin gluten 13 x 0,75 kg",Bastones rectos de brocoli,Estacional,Bastones clasicos - Sigilo,Bastones clasicos,Grueso,9.75,"13 X 0,75 KG",13,0.75,881d2510504c58b1ba4b294fb0c5fc6f
BR0295,"Brocoli en rejilla - clasico - Caja de 13 packs de 0,5 kg | Ref XOB",Brocoli en rejilla,Forma estable,Bastones clasicos - Sigilo,Bastones clasicos,Forma,6.5,"13 X 0,5 KG",13,0.5,efbf9fb4de26ed4bd82dc7987c339263
BR0296,"Bastones rectos de brocoli - clasico - Caja de 11 packs de 1,25 kg",Bastones rectos de brocoli,Estacional,Bastones clasicos - Sigilo,Bastones clasicos,Grueso,11.0,5x2.5 kg,11,1.0,efbf9fb4de26ed4bd82dc7987c339263
BR0297,"13 bolsas de 0,5 kg | Bastones rectos de brocoli sin gluten, con cabo",Bastones rectos de brocoli,Estacional,Bastones clasicos - Sigilo,Bastones clasicos,Medio,6.5,"13 X 0,5 KG",13,0.5,5b4cc53c24420ba0af64043ef301d562
BR0298,"Bastones rectos de brocoli - sazonado - Caja de 13 packs de 0,5 kg",Bastones rectos de brocoli,Estacional,Bastones clasicos - Sigilo,Bastones clasicos,Medio,6.5,"13 X 0,5 KG",13,0.5,67b9abfdbe5dc6b73367171bfd67bb34
BR0299,13 bolsas de 1 kg | Bastones rectos de brocoli | Ref B8C,Bastones rectos de brocoli,Estacional,Bastones clasicos - Sigilo,Bastones clasicos,Grueso,13.0,13 X 1 KG,13,1.0,76f02fc8024ed33733b8fd8029000089
BR0300,"13 bolsas de 0,75 kg | Bastones rectos de brocoli 9x9 mm sin gluten, horneado",Bastones rectos de brocoli,Estacional,Bastones clasicos - Sigilo,Bastones clasicos,Medio,9.75,"13 X 0,75 KG",13,0.75,6fc48aeaa4ad4d08049b3e7b9d1dcdc7
BR0301,Bastones rectos de brocoli 6x6 mm - clasico - Caja de 11 packs de 1 kg | Ref 4YH,Bastones rectos de brocoli,Estacional,Bastones clasicos - Reserva Privada,Bastones clasicos,Fino,11.0,"5X 2,5 KG",,1.0,1d53cb238c8997b85dde2badf022947f
BR0302,"Bastones rectos de brocoli 10x10 mm - clasico - Caja de 5 packs de 1,75 kg",Bastones rectos de brocoli,Estacional,Bastones clasicos - Legumes Frites,Bastones clasicos,Medio,8.75,"5 X 1,75 KG",5,1.75,0f5b2c3965220d94c55adb3a660ea179
BR0303,BonsaiVegetales Rosti de brocoli 2 x 3 kg,Rosti de brocoli,Forma estable,Guarniciones - Legumes Croquetas,Guarniciones,Forma,6.0,2 X 3 KG,2,3.0,a0e80ca7d2bb3cb6df1766f5e88cc700
BR0304,Bocados de brocoli con mozzarella - clasico - Caja de 5 packs de 1 kg | Ref 3D8,Bocados de brocoli con mozzarella,Co-produccion,Snacks y aperitivos - Queso,Snacks y aperitivos,Forma,5.0,5 X 1 KG,5,1.0,de625e52b93ea2a6217778fe2b09fc61
BR0305,"Bastones rectos de brocoli 11x11 mm - clasico - Caja de 5 packs de 2,5 kg | Ref F3B",Bastones rectos de brocoli,Estacional,Bastones clasicos - Sigilo,Bastones clasicos,Medio,12.5,"5 X 2,5 kg",5,2.5,88010501620c4b95512a32d77431ca04
BR0306,"Bastones rectos de brocoli 12x12 mm - clasico - Caja de 5 packs de 2,5 kg",Bastones rectos de brocoli,Estacional,Bastones clasicos - Reserva Privada,Bastones clasicos,Medio,12.5,"5 X 2,5 KG",5,2.5,26faf9a11f723e796c11396a6a8ebbeb
BR0307,"Bastones rectos de brocoli 6x6 mm - clasico - Caja de 5 packs de 2,5 kg | Ref 5W7",Bastones rectos de brocoli,Estacional,Bastones clasicos - Legumes Frites,Bastones clasicos,Fino,12.5,"5 X 2,5 KG",5,2.5,26f487cc0845944e95b444daec3a1306
BR0308,BonsaiGreen Bastones rectos de brocoli 6x6 mm 11 x 1 kg,Bastones rectos de brocoli,Estacional,Bastones clasicos - Legumes Frites,Bastones clasicos,Fino,11.0,11 X 1 KG,11,1.0,bcb9d9ee678c253fda9306695d6b70da
BR0309,BonsaiPremium Gajos de brocoli 11 x 1 kg | Ref RF0,Gajos de brocoli,Forma estable,Bastones clasicos - Reserva Privada,Bastones clasicos,Forma,11.0,11 X 1 KG,11,1.0,079828584749f89c6e998317886ea4cf
BR0310,5 bolsas de 1 kg | Aros de brocoli,Aros de brocoli,Co-produccion,Snacks y aperitivos - Aros y Vegetales,Snacks y aperitivos,Forma,5.0,5 X 1 KG,5,1.0,8b7268f62c39e84c6021139d1853033a
BR0310,5 bolsas de 1 kg | Aros de brocoli,Aros de brocoli,Co-produccion,Snacks y aperitivos - Aros y Vegetales,Snacks y aperitivos,Forma,5.0,"5X 2,5 KG",,1.0,cdb9a6015047b3cac1a67886a85826eb
BR0311,Aros de brocoli - crocante - Caja de 5 packs de 1 kg,Aros de brocoli,Co-produccion,Snacks y aperitivos - Aros y Vegetales,Snacks y aperitivos,Forma,5.0,"5 x 2,5 kg",,,8160c89bbb62d764c17dc0473fdc343d
BR0312,BonsaiVegetales Aros de brocoli 5 x 1 kg,Aros de brocoli,Co-produccion,Snacks y aperitivos - Aros y Vegetales,Snacks y aperitivos,Forma,5.0,5 X 1 KG,5,1.0,8160c89bbb62d764c17dc0473fdc343d
BR0313,Aros de brocoli - crocante - Caja de 5 packs de 1 kg,Aros de brocoli,Co-produccion,Snacks y aperitivos - Aros y Vegetales,Snacks y aperitivos,Forma,5.0,"5X2,5 KG",,,8160c89bbb62d764c17dc0473fdc343d
BR0314,"Bastones rectos de brocoli 9x9 mm - clasico - Caja de 5 packs de 2,5 kg | Ref CIH",Bastones rectos de brocoli,Estacional,Bastones clasicos - Sigilo,Bastones clasicos,Medio,12.5,"5X 2,5 KG",,2.5,2aaaa77d77af6aa72778a4150b345b3a
BR0314,"Bastones rectos de brocoli 9x9 mm - clasico - Caja de 5 packs de 2,5 kg | Ref CIH",Bastones rectos de brocoli,Estacional,Bastones clasicos - Sigilo,Bastones clasicos,Medio,12.5,"5 X 2,5 KG",5,2.5,178715e6ca333e5115401f00656608e8
BR0315,"5 bolsas de 2,5 kg | Bastones rectos de brocoli 11x11 mm | Ref CIA",Bastones rectos de brocoli,Estacional,Bastones clasicos - Sigilo,Bastones clasicos,Medio,12.5,"5 X 2,5 KG",5,2.5,caf23015f00564375858e0103ede771c
BR0316,"5 bolsas de 2,5 kg | Bastones rectos de brocoli 9x9 mm | Ref AAM",Bastones rectos de brocoli,Estacional,Bastones clasicos - Legumes Frites,Bastones clasicos,Medio,12.5,"5 X 2,5 KG",5,2.5,dff48f35bc511050803671ac6c77a7ad
BR0317,"BonsaiGreen Bastones rectos de brocoli 11x11 mm 5 x 2,5 kg | Ref JZT",Bastones rectos de brocoli,Estacional,Bastones clasicos - Legumes Frites,Bastones clasicos,Medio,12.5,"5 X 2,5kg",5,,dff48f35bc511050803671ac6c77a7ad
BR0318,"BonsaiGreen Bastones rectos de brocoli 9x9 mm con cabo 5 x 2,5 kg | Ref GLD",Bastones rectos de brocoli,Estacional,Bastones clasicos - Sigilo,Bastones clasicos,Medio,12.5,"5 X 2,5 kg",5,2.5,8bf863b2f8f69860aa58c46da51f27e0
BR0319,"Bastones rectos de brocoli 13x13 mm - clasico - Caja de 5 packs de 2,5 kg | Ref DHZ",Bastones rectos de brocoli,Estacional,Bastones clasicos - Legumes Frites,Bastones clasicos,Grueso,12.5,"5 X 2,5 KG",5,2.5,3f8910e5e628e2a1e8860abc613831a1
BR0320,"BonsaiGreen Bastones rectos de brocoli 6x6 mm 5 x 2,5 kg | Ref OI4",Bastones rectos de brocoli,Estacional,Bastones clasicos - Sigilo,Bastones clasicos,Fino,12.5,"5 X 2,5 KG",5,2.5,ebb6da98380a2619122b374dad07814a
BR0321,"BonsaiPremium Bastones rectos de brocoli 6x6 mm 5 x 2,5 kg | Ref 59E",Bastones rectos de brocoli,Estacional,Bastones clasicos - Reserva Privada,Bastones clasicos,Fino,12.5,"5 X 2,5 KG",5,2.5,3ec465fc7f05b17abe8bfa7600eba425
BR0322,"Bastones rectos de brocoli 6x6 mm - picante - Caja de 5 packs de 2,5 kg",Bastones rectos de brocoli,Estacional,Bastones clasicos - Sigilo,Bastones clasicos,Fino,12.5,"5 X 2,5 KG",5,2.5,b9398e343219088e12e38f6e5de941dd
BR0323,"Bastones rectos de brocoli 6x6 mm - picante - Caja de 5 packs de 2,5 kg",Bastones rectos de brocoli,Estacional,Bastones clasicos - Sigilo,Bastones clasicos,Fino,12.5,"5 X 2,5 KG",5,2.5,7da91c27eac81d6700500603e8a6f2b6
BR0324,"Cubos de brocoli - sazonado - Caja de 5 packs de 2,5 kg",Cubos de brocoli,Forma estable,Guarniciones - Cubos,Guarniciones,Forma,12.5,"5 X 2,5 KG",5,2.5,b281d88dcd50202f658effb9caa9381f
BR0325,"BonsaiGreen Espirales de brocoli 13 x 0,5 kg | Ref V23",Espirales de brocoli,Forma estable,Bastones clasicos - Sigilo,Bastones clasicos,Forma,6.5,"13 X 0,5 KG",13,0.5,6093dbae5b82d5102791a23c6f654dea
BR0326,"13 bolsas de 0,5 kg | Espirales de brocoli sazonado | Ref 8LT",Espirales de brocoli,Forma estable,Bastones clasicos - Sigilo,Bastones clasicos,Forma,6.5,"13 X 0,5 KG",13,0.5,31efc1c0803e25872c67b5cafd4452af
BR0327,"BonsaiGreen Brocoli en rejilla sazonado 13 x 0,5 kg | Ref TWE",Brocoli en rejilla,Forma estable,Bastones clasicos - Sigilo,Bastones clasicos,Forma,6.5,"13 X 0,5 KG",13,0.5,02d7c6680102bd11e067c00c9b71ab9c
BR0328,"BonsaiGreen Espirales de brocoli 9 x 0,75 kg",Espirales de brocoli,Forma estable,Bastones clasicos - Sigilo,Bastones clasicos,Forma,6.75,"5 X 2,5 kg",9,0.75,e44f97bd70a4b2cae9c6a92f763a956e
BR0329,"Brocoli en rejilla - clasico - Caja de 9 packs de 0,75 kg | Ref JOY",Brocoli en rejilla,Forma estable,Bastones clasicos - Sigilo,Bastones clasicos,Forma,6.75,"9 X 0,75 KG",9,0.75,016d196c89dcfcb306b853a776a879b9
BR0330,"9 bolsas de 0,75 kg | Espirales de brocoli",Espirales de brocoli,Forma estable,Bastones clasicos - Sigilo,Bastones clasicos,Forma,6.75,"9 X 0,75 KG",9,0.75,e44f97bd70a4b2cae9c6a92f763a956e
BR0331,"Brocoli en rejilla - clasico - Caja de 9 packs de 0,75 kg | Ref TP4",Brocoli en rejilla,Forma estable,Bastones clasicos - Sigilo,Bastones clasicos,Forma,6.75,"9 X 0,75 KG",9,0.75,016d196c89dcfcb306b853a776a879b9
BR0332,"Bastones rectos de brocoli 6x6 mm - clasico - Caja de 5 packs de 2,5 kg | Ref VDD",Bastones rectos de brocoli,Estacional,Bastones clasicos - Sigilo,Bastones clasicos,Fino,12.5,"5 X 2,5 KG",5,2.5,23953acdad6658038c43343af411dbd4
BR0332,"Bastones rectos de brocoli 6x6 mm - clasico - Caja de 5 packs de 2,5 kg | Ref VDD",Bastones rectos de brocoli,Estacional,Bastones clasicos - Sigilo,Bastones clasicos,Fino,12.5,"5 X 2,5 KG",5,2.5,23953acdad6658038c43343af411dbd4
BR0333,"5 bolsas de 2,5 kg | Bastones rectos de brocoli 6x6 mm | Ref VXL",Bastones rectos de brocoli,Estacional,Bastones clasicos - Sigilo,Bastones clasicos,Fino,12.5,"5 X 2,5 KG",5,2.5,bcb9d9ee678c253fda9306695d6b70da
BR0334,"5 bolsas de 2,5 kg | Bastones rectos de brocoli 9x9 mm | Ref TYH",Bastones rectos de brocoli,Estacional,Bastones clasicos - Sigilo,Bastones clasicos,Medio,12.5,"5 X 2,5 KG",5,2.5,ef0525f0911fd36073c2b10f4d81dfd5
BR0334,"5 bolsas de 2,5 kg | Bastones rectos de brocoli 9x9 mm | Ref TYH",Bastones rectos de brocoli,Estacional,Bastones clasicos - Sigilo,Bastones clasicos,Medio,12.5,"5 X 2,5 KG",5,2.5,ef0525f0911fd36073c2b10f4d81dfd5
BR0335,"Bastones rectos de brocoli 9x9 mm - clasico - Caja de 5 packs de 2,5 kg | Ref 5G6",Bastones rectos de brocoli,Estacional,Bastones clasicos - Sigilo,Bastones clasicos,Medio,12.5,"5 X 2,5 KG",5,2.5,ef0525f0911fd36073c2b10f4d81dfd5
BR0336,"5 bolsas de 2,5 kg | Bastones rectos de brocoli 9x9 mm | Ref TYH",Bastones rectos de brocoli,Estacional,Bastones clasicos - Sigilo,Bastones clasicos,Medio,12.5,"5 X 2,5 KG",5,2.5,7510744deb35b8055ca061a7050d2558
BR0337,"Bastones rectos de brocoli 11x11 mm - clasico - Caja de 5 packs de 2,5 kg | Ref 9O7",Bastones rectos de brocoli,Estacional,Bastones clasicos - Sigilo,Bastones clasicos,Medio,12.5,"5 X 2,5 KG",5,2.5,7020820d5a0bbcdbce99d2bacc1b842c
BR0338,"5 bolsas de 2,5 kg | Bastones rectos de brocoli 13x13 mm",Bastones rectos de brocoli,Estacional,Bastones clasicos - Sigilo,Bastones clasicos,Grueso,12.5,"5 x 2,5 kg",,,a605d791d310a87baa2feab30fb797ca
BR0339,"Bastones rectos de brocoli 6x6 mm - con cabo - Caja de 5 packs de 2,5 kg",Bastones rectos de brocoli,Estacional,Bastones clasicos - Sigilo,Bastones clasicos,Fino,12.5,"5 X 2,5 KG",5,2.5,7d5bf7157bac4cddab76a52a1d8dd41d
BR0340,"Bastones rectos de brocoli 9x9 mm - con cabo - Caja de 5 packs de 2,5 kg",Bastones rectos de brocoli,Estacional,Bastones clasicos - Sigilo,Bastones clasicos,Medio,12.5,"5 X 2,5 KG",5,2.5,c8c092bbf8da5f80452c66c38d27305f
BR0340,"Bastones rectos de brocoli 9x9 mm - con cabo - Caja de 5 packs de 2,5 kg",Bastones rectos de brocoli,Estacional,Bastones clasicos - Sigilo,Bastones clasicos,Medio,12.5,"5 X 2,5 KG",5,2.5,ef0525f0911fd36073c2b10f4d81dfd5
BR0341,"5 bolsas de 2,5 kg | Bastones rectos de brocoli 11x11 mm con cabo | Ref EBK",Bastones rectos de brocoli,Estacional,Bastones clasicos - Sigilo,Bastones clasicos,Medio,12.5,"5 X 2,5 KG",5,2.5,e44f97bd70a4b2cae9c6a92f763a956e
BR0341,"5 bolsas de 2,5 kg | Bastones rectos de brocoli 11x11 mm con cabo | Ref EBK",Bastones rectos de brocoli,Estacional,Bastones clasicos - Sigilo,Bastones clasicos,Medio,12.5,"5 X 2,5 KG",5,2.5,e44f97bd70a4b2cae9c6a92f763a956e
BR0342,"Bastones rectos de brocoli 9x9 mm - con cabo - Caja de 5 packs de 2,5 kg",Bastones rectos de brocoli,Estacional,Bastones clasicos - Sigilo,Bastones clasicos,Medio,12.5,"5 X 2,5 KG",5,2.5,ef0525f0911fd36073c2b10f4d81dfd5
BR0343,"5 bolsas de 2,5 kg | Bastones rectos de brocoli 6x6 mm | Ref DUF",Bastones rectos de brocoli,Estacional,Bastones clasicos - Sigilo,Bastones clasicos,Fino,12.5,"5 X 2,5 KG",5,2.5,37d8a5bf23e3a02150027ffea6a1e7f6
BR0344,"Bastones rectos de brocoli 9x9 mm - clasico - Caja de 5 packs de 2,5 kg | Ref HKF",Bastones rectos de brocoli,Estacional,Bastones clasicos - Sigilo,Bastones clasicos,Medio,12.5,"5 X 2,5 KG",5,2.5,8b7268f62c39e84c6021139d1853033a
BR0345,"Bastones rectos de brocoli 9x9 mm - clasico - Caja de 5 packs de 2,5 kg | Ref PII",Bastones rectos de brocoli,Estacional,Bastones clasicos - Sigilo,Bastones clasicos,Medio,12.5,"5 X 2,5 KG",5,2.5,d0823ee866ead1526b62ea77fb86dde9
BR0346,"Bastones rectos de brocoli 9x9 mm - clasico - Caja de 5 packs de 2,5 kg | Ref HKF",Bastones rectos de brocoli,Estacional,Bastones clasicos - Sigilo,Bastones clasicos,Medio,12.5,"5X 2,5 KG",,2.5,3280f8c61589426e9ce1efa28dcf44cf
BR0347,"Bastones rectos de brocoli 9x9 mm - clasico - Caja de 5 packs de 2,5 kg | Ref HKF",Bastones rectos de brocoli,Estacional,Bastones clasicos - Sigilo,Bastones clasicos,Medio,12.5,"5 X 2,5 KG",5,2.5,3280f8c61589426e9ce1efa28dcf44cf
BR0348,"Bastones rectos de brocoli 9x9 mm - clasico - Caja de 5 packs de 2,5 kg | Ref PII",Bastones rectos de brocoli,Estacional,Bastones clasicos - Sigilo,Bastones clasicos,Medio,12.5,"5 X 2,5 KG",5,2.5,6f67d94c0bab9c88fa4bc661f5c01006
BR0349,"Bastones rectos de brocoli 9x9 mm - clasico - Caja de 5 packs de 2,5 kg | Ref HKF",Bastones rectos de brocoli,Estacional,Bastones clasicos - Sigilo,Bastones clasicos,Medio,12.5,"5 X 2,5 KG",5,2.5,ca51e9959c92f5ee112b262b32b0906b
BR0350,11 bolsas de 1 kg | Tortitas de brocoli | Ref G03,Tortitas de brocoli,Forma estable,Guarniciones - Tortitas,Guarniciones,Forma,11.0,11 X 1 KG,11,1.0,dbecb0982c417d486700d87684779314
BR0351,11 bolsas de 1 kg | Tortitas de brocoli | Ref G03,Tortitas de brocoli,Forma estable,Guarniciones - Tortitas,Guarniciones,Forma,11.0,11 X 1 KG,11,1.0,dbecb0982c417d486700d87684779314
BR0352,"BonsaiGreen Bastones rectos de brocoli 9x9 mm 5 x 2,5 kg | Ref KXH",Bastones rectos de brocoli,Estacional,Bastones clasicos - Sigilo,Bastones clasicos,Medio,12.5,"5 X2,5 KG",5,,8b7268f62c39e84c6021139d1853033a
BR0353,"BonsaiVegetales Croquetas de brocoli 13 x 0,75 kg",Croquetas de brocoli,Forma estable,Guarniciones - Legumes Croquetas,Guarniciones,Forma,9.75,"13 X 0,75 KG",13,0.75,97f8ba1fc812d49f9c98d8f46da0614a
BR0354,"BonsaiGreen Brocoli en rejilla sazonado, con cabo 13 x 0,5 kg",Brocoli en rejilla,Forma estable,Bastones clasicos - Sigilo,Bastones clasicos,Forma,6.5,"13 X 0,5 KG",13,0.5,1f6eec46c4bff93e6ca5467f4a87f6d8
BR0355,"BonsaiGreen Dippers de brocoli 13 x 0,5 kg",Dippers de brocoli,Forma estable,Bastones clasicos - Sigilo,Bastones clasicos,Forma,6.5,"13 X 0,5 KG",13,0.5,d2932d6ed51161bd7a1ea59210d291e9
BR0356,"Espirales de brocoli - sazonado - Caja de 13 packs de 0,5 kg",Espirales de brocoli,Forma estable,Bastones clasicos - Sigilo,Bastones clasicos,Forma,6.5,"13 X 0,5 KG",13,0.5,6093dbae5b82d5102791a23c6f654dea
BR0357,"BonsaiGreen Bastones rectos de brocoli 6x6 mm 13 x 0,75 kg",Bastones rectos de brocoli,Estacional,Bastones clasicos - Sigilo,Bastones clasicos,Fino,9.75,"13 X 0,75 KG",13,0.75,96cc55859ea53c974a329f68b1873c45
BR0358,"BonsaiGreen Espirales de brocoli 13 x 0,75 kg",Espirales de brocoli,Forma estable,Bastones clasicos - Sigilo,Bastones clasicos,Forma,9.75,"13 X 0,75 KG",13,0.75,ca51e9959c92f5ee112b262b32b0906b
BR0359,"Brocoli zigzag - clasico - Caja de 13 packs de 0,75 kg | Ref 6P9",Brocoli zigzag,Forma estable,Bastones clasicos - Legumes Frites,Bastones clasicos,Forma,9.75,"5 X 2,5 kg",13,0.75,1165f46c14ad39e8aff41843a7897545
BR0360,"Bastones rectos de brocoli 9x9 mm - crocante - Caja de 5 packs de 2,5 kg | Ref 559",Bastones rectos de brocoli,Estacional,Bastones clasicos - Sigilo,Bastones clasicos,Medio,12.5,5 X 2.5 KG,5,2.5,56ae1229b9584ad7debf6e1ab60c6098
BR0361,"BonsaiGreen Gajos de brocoli sazonado 5 x 2,5 kg | Ref 595",Gajos de brocoli,Forma estable,Bastones clasicos - Sigilo,Bastones clasicos,Forma,12.5,"5 X 2,5 KG",5,2.5,bee1ee50d857c700c72bb718c6f645db
BR0362,"BonsaiGreen Espirales de brocoli 5 x 2,5 kg",Espirales de brocoli,Forma estable,Bastones clasicos - Sigilo,Bastones clasicos,Forma,12.5,"5 X 2,5 KG",5,2.5,6ecff7742d4a01e1ada1f078a109ba73
BR0363,"BonsaiPremium Bastones rectos de brocoli 5 x 2,5 kg | Ref XJT",Bastones rectos de brocoli,Estacional,Bastones clasicos - Reserva Privada,Bastones clasicos,Medio,12.5,"5 X 2,5 KG",5,2.5,76804e6b1364af327bf84306838fb3dc
BR0364,"BonsaiPremium Bastones rectos de brocoli 5 x 2,5 kg | Ref 8OM",Bastones rectos de brocoli,Estacional,Bastones clasicos - Reserva Privada,Bastones clasicos,Fino,12.5,"5 X 2,5 KG",5,2.5,b0c3bde6052f0c0a93c21025c8eefd63
BR0365,"Bastones rectos de brocoli - clasico - Caja de 5 packs de 2,5 kg | Ref NW8",Bastones rectos de brocoli,Estacional,Bastones clasicos - Reserva Privada,Bastones clasicos,Grueso,12.5,"5 X 2,5 KG",5,2.5,dbb291248e849bc6807762eb48e5f5cf
BR0366,"Bastones rectos de brocoli 6x6 mm - crocante - Caja de 5 packs de 2,5 kg | Ref JZO",Bastones rectos de brocoli,Estacional,Bastones clasicos - Sigilo,Bastones clasicos,Fino,12.5,"5 X 2,5 KG",5,2.5,fcc3ee3ebc86c553e5f951274d02868e
BR0367,"5 bolsas de 2,5 kg | Bastones rectos de brocoli con cabo | Ref AYC",Bastones rectos de brocoli,Estacional,Bastones clasicos - Sigilo,Bastones clasicos,Medio,12.5,"5 X 2,5 KG",5,2.5,56ae1229b9584ad7debf6e1ab60c6098
BR0368,"Bastones rectos de brocoli - con cabo - Caja de 5 packs de 2,5 kg",Bastones rectos de brocoli,Estacional,Bastones clasicos - Sigilo,Bastones clasicos,Medio,12.5,"5 X 2,5 KG",5,2.5,18729392e748ea31ed354313be390018
BR0369,"5 bolsas de 2,5 kg | Espirales de brocoli",Espirales de brocoli,Forma estable,Bastones clasicos - Reserva Privada,Bastones clasicos,Forma,12.5,"5 X 2,5 KG",5,2.5,6ecff7742d4a01e1ada1f078a109ba73
BR0370,"BonsaiGreen Bastones rectos de brocoli 11 x 1,25 kg",Bastones rectos de brocoli,Estacional,Bastones clasicos - Sigilo,Bastones clasicos,Grueso,11.0,11 X 1 KG,11,1.0,efbf9fb4de26ed4bd82dc7987c339263
BR0371,13 bolsas de 1 kg | Bastones rectos de brocoli | Ref PB9,Bastones rectos de brocoli,Estacional,Bastones clasicos - Sigilo,Bastones clasicos,Grueso,13.0,13 X 1 KG,13,1.0,340bacb8c1792bfc8b3b0346513c0585
BR0372,"BonsaiGreen Espirales de brocoli sin gluten 13 x 0,75 kg",Espirales de brocoli,Forma estable,Bastones clasicos - Sigilo,Bastones clasicos,Forma,9.75,"13 X 0,75 KG",13,0.75,7b55662e8c6953150223589dbc717d92
BR0373,"16 bolsas de 0,5 kg | Brocoli en rejilla sin gluten",Brocoli en rejilla,Forma estable,Bastones clasicos - Sigilo,Bastones clasicos,Forma,8.0,"16 X 0,5 KG",16,0.5,057b7f8c3772129fb0b8cccf3c827c80
BR0374,Bastones rectos de brocoli - clasico - Caja de 13 packs de 1 kg | Ref OVH,Bastones rectos de brocoli,Estacional,Bastones clasicos - Sigilo,Bastones clasicos,Grueso,13.0,13 X 1 KG,13,1.0,ca51e9959c92f5ee112b262b32b0906b
BR0375,"11 bolsas de 1,25 kg | Bastones rectos de brocoli | Ref YF3",Bastones rectos de brocoli,Estacional,Bastones clasicos - Legumes Frites,Bastones clasicos,Corte steak,16.5,"11 X 1,5 KG",11,1.5,173e7987f487b6c7b81b4264f2b747eb
BR0376,"13 bolsas de 0,75 kg | Brocoli zigzag sazonado",Brocoli zigzag,Forma estable,Bastones clasicos - Sigilo,Bastones clasicos,Forma,9.75,"13 X 0,75 KG",13,0.75,1e7a707b9183161f7ace342c7f4cd2e6
BR0377,"13 bolsas de 0,75 kg | Brocoli zigzag picante | Ref P85",Brocoli zigzag,Forma estable,Bastones clasicos - Sigilo,Bastones clasicos,Forma,9.75,"13 X 0,75 KG",13,0.75,1e7a707b9183161f7ace342c7f4cd2e6
BR0378,"BonsaiGreen Bastones rectos de brocoli 6x6 mm 5 x 2,5 kg | Ref FVE",Bastones rectos de brocoli,Estacional,Bastones clasicos - Grado B,Bastones clasicos,Fino,12.5,"5 X 2,5 KG",5,2.5,4beade23001bd00ced8d86ccb4e4606b
BR0379,"Bastones rectos de brocoli 6x6 mm - clasico - Caja de 5 packs de 2,5 kg | Ref OO7",Bastones rectos de brocoli,Estacional,Bastones clasicos - Grado B,Bastones clasicos,Fino,12.5,"5 X 2,5 KG",5,2.5,4beade23001bd00ced8d86ccb4e4606b
BR0380,"Bastones rectos de brocoli 6x6 mm - clasico - Caja de 5 packs de 2,5 kg | Ref OO7",Bastones rectos de brocoli,Estacional,Bastones clasicos - Grado B,Bastones clasicos,Fino,12.5,"5 X 2,5 KG",5,2.5,edebe6dd9669ec03369694b6dbbd4c54
BR0381,"Bastones rectos de brocoli 9x9 mm - clasico - Caja de 5 packs de 2,5 kg | Ref XNV",Bastones rectos de brocoli,Estacional,Bastones clasicos - Grado B,Bastones clasicos,Medio,12.5,"5 X 2,5 KG",5,2.5,ef2aa69f2a021c5eb8f04cae5d3e66f3
BR0382,"BonsaiGreen Bastones rectos de brocoli 9x9 mm 5 x 2,5 kg | Ref 768",Bastones rectos de brocoli,Estacional,Bastones clasicos - Grado B,Bastones clasicos,Medio,12.5,"5 X 2,5 KG",5,2.5,ef2aa69f2a021c5eb8f04cae5d3e66f3
BR0383,"BonsaiGreen Bastones rectos de brocoli 9x9 mm 5 x 2,5 kg | Ref 768",Bastones rectos de brocoli,Estacional,Bastones clasicos - Grado B,Bastones clasicos,Medio,12.5,"5 X 2,5 KG",5,2.5,ef2aa69f2a021c5eb8f04cae5d3e66f3
BR0384,"5 bolsas de 2,5 kg | Bastones rectos de brocoli 11x11 mm | Ref UC1",Bastones rectos de brocoli,Estacional,Bastones clasicos - Grado B,Bastones clasicos,Medio,12.5,"5 X2,5 KG",5,,2c0e605cb6fa10bcf22f05f1b2438c89
BR0385,"5 bolsas de 2,5 kg | Bastones rectos de brocoli 11x11 mm | Ref UC1",Bastones rectos de brocoli,Estacional,Bastones clasicos - Grado B,Bastones clasicos,Medio,12.5,"5 X 2,5 KG",5,2.5,2c0e605cb6fa10bcf22f05f1b2438c89
BR0386,"5 bolsas de 2,5 kg | Bastones rectos de brocoli 6x6 mm | Ref WPA",Bastones rectos de brocoli,Estacional,Bastones clasicos - Grado B,Bastones clasicos,Fino,12.5,"5 X 2,5 KG",5,2.5,b9398e343219088e12e38f6e5de941dd
BR0387,"5 bolsas de 2,5 kg | Bastones rectos de brocoli 9x9 mm | Ref WFG",Bastones rectos de brocoli,Estacional,Bastones clasicos - Grado B,Bastones clasicos,Medio,12.5,"5 X 2,5 KG",5,2.5,56ae1229b9584ad7debf6e1ab60c6098
BR0388,"Bastones rectos de brocoli 9x9 mm - clasico - Caja de 5 packs de 2,5 kg | Ref GR7",Bastones rectos de brocoli,Estacional,Bastones clasicos - Grado B,Bastones clasicos,Medio,12.5,"5 X 2,5 KG",5,2.5,016d196c89dcfcb306b853a776a879b9
BR0389,"5 bolsas de 2,5 kg | Bastones rectos de brocoli 9x9 mm | Ref BHE",Bastones rectos de brocoli,Estacional,Bastones clasicos - Grado B,Bastones clasicos,Medio,12.5,"5 X 2,5 KG",5,2.5,6029457d9c814022e062762885920ec8
BR0390,"BonsaiGreen Bastones rectos de brocoli 6x6 mm 5 x 2,5 kg | Ref FVE",Bastones rectos de brocoli,Estacional,Bastones clasicos - Sigilo,Bastones clasicos,Fino,12.5,"5X2,5 KG",,,4beade23001bd00ced8d86ccb4e4606b
BR0391,"BonsaiGreen Gajos de brocoli sazonado 5 x 2,5 kg | Ref PO5",Gajos de brocoli,Forma estable,Bastones clasicos - Sigilo,Bastones clasicos,Forma,12.5,"5 X 2,5 KG",5,2.5,67e5f2924f62dfd36097f40431a1322b
BR0392,"BonsaiGreen Gajos de brocoli sazonado 5 x 2,5 kg | Ref PO5",Gajos de brocoli,Forma estable,Bastones clasicos - Sigilo,Bastones clasicos,Forma,12.5,"5 X 2,5 KG",5,2.5,e0d433aeaa4baf03cc4513652ee489fe
BR0393,11 bolsas de 1 kg | Gajos de brocoli,Gajos de brocoli,Forma estable,Bastones clasicos - Reserva Privada,Bastones clasicos,Forma,11.0,11 X 1 KG,11,1.0,67e5f2924f62dfd36097f40431a1322b
BR0394,"Gajos de brocoli - con cabo - Caja de 5 packs de 2,5 kg",Gajos de brocoli,Forma estable,Bastones clasicos - Reserva Privada,Bastones clasicos,Forma,12.5,"5 X 2,5 KG",5,2.5,1235d2c994be7bb77d7eef060ecf96f6
BR0395,"Gajos de brocoli - sazonado - Caja de 5 packs de 2,5 kg",Gajos de brocoli,Forma estable,Bastones clasicos - Sigilo,Bastones clasicos,Forma,12.5,"5 X 2,5 KG",5,2.5,b281d88dcd50202f658effb9caa9381f
BR0396,"5 bolsas de 2,5 kg | Gajos de brocoli sin gluten | Ref EQY",Gajos de brocoli,Forma estable,Bastones clasicos - Sigilo,Bastones clasicos,Forma,12.5,"5 X 2,5 KG",5,2.5,51aad97f31764e75e2acc0338a14bf47
BR0397,"5 bolsas de 2,5 kg | Gajos de brocoli sin gluten | Ref S62",Gajos de brocoli,Forma estable,Bastones clasicos - Sigilo,Bastones clasicos,Forma,12.5,"5 X 2,5 KG",5,2.5,b2a1bd10e103dae56072fe8ba4f0ca15
BR0398,"Gajos de brocoli - sin gluten - Caja de 5 packs de 2,5 kg",Gajos de brocoli,Forma estable,Bastones clasicos - Sigilo,Bastones clasicos,Forma,12.5,"5 X 2,5 KG",5,2.5,5d219924f97f53b637007a637c7ee7e6
BR0399,"Bastones rectos de brocoli 6x9 mm - clasico - Caja de 5 packs de 2,5 kg",Bastones rectos de brocoli,Estacional,Bastones clasicos - Sigilo,Bastones clasicos,Fino,12.5,"5 X 2,5 KG",5,2.5,31591362410b8a8b4fd3ecd6c57cc510
BR0400,"5 bolsas de 2,5 kg | Bastones rectos de brocoli | Ref H44",Bastones rectos de brocoli,Estacional,Bastones clasicos - Legumes Frites,Bastones clasicos,Medio,12.5,"5 X 2,5 KG",5,2.5,3216248606458db16bd58ae68fc13c33
BR0401,"5 bolsas de 2,5 kg | Bastones rectos de brocoli 9x9 mm con cabo",Bastones rectos de brocoli,Estacional,Bastones clasicos - Sigilo,Bastones clasicos,Medio,12.5,"5 X 2,5 KG",5,2.5,73e638e77ccc20e6cca9daf3dfb3df8c
BR0402,"BonsaiGreen Gajos de brocoli 13 x 0,75 kg",Gajos de brocoli,Forma estable,Bastones clasicos - Sigilo,Bastones clasicos,Forma,9.75,"13 X 0,75 KG",13,0.75,a605d791d310a87baa2feab30fb797ca
BR0403,"BonsaiGreen Bastones rectos de brocoli 6x6 mm con cabo 5 x 2,5 kg",Bastones rectos de brocoli,Estacional,Bastones clasicos - Sigilo,Bastones clasicos,Fino,12.5,"5 X 2,5 KG",5,2.5,4315a27800456d98b7aec1ba7034f107
BR0404,Bastones rectos de brocoli 9x9 mm - clasico - Caja de 11 packs de 1 kg,Bastones rectos de brocoli,Estacional,Bastones clasicos - Sigilo,Bastones clasicos,Medio,11.0,11 X 1 KG,11,1.0,d68bb9499fead9bc241623f072442bde
BR0405,"BonsaiVegetales Bastones rectos de brocoli 10x10 mm 5 x 2,5 kg",Bastones rectos de brocoli,Estacional,Guarniciones - Otros,Guarniciones,Medio,12.5,"5 X 2,5 KG",5,2.5,dbb291248e849bc6807762eb48e5f5cf
BR0406,"BonsaiGreen Brocoli en rejilla sazonado 5 x 2,5 kg",Brocoli en rejilla,Forma estable,Bastones clasicos - Sigilo,Bastones clasicos,Forma,12.5,"5X2,5 KG",,,58c5c51d6e39e80f84be2a39cc4677a8
BR0407,"5 bolsas de 2,5 kg | Espirales de brocoli sazonado",Espirales de brocoli,Forma estable,Bastones clasicos - Sigilo,Bastones clasicos,Forma,12.5,"5 X 2,5 KG",5,2.5,173e7987f487b6c7b81b4264f2b747eb
BR0408,Brocoli en rejilla - clasico - Caja de 11 packs de 1 kg | Ref GM8,Brocoli en rejilla,Forma estable,Bastones clasicos - Sigilo,Bastones clasicos,Forma,11.0,11 X 1 KG,11,1.0,58c5c51d6e39e80f84be2a39cc4677a8
BR0409,"5 bolsas de 2,5 kg | Bastones rectos de brocoli 9x9 mm sin gluten, horneado",Bastones rectos de brocoli,Estacional,Bastones clasicos - Sigilo,Bastones clasicos,Medio,12.5,"5 X 2,5 KG",5,2.5,d68bb9499fead9bc241623f072442bde
BR0410,"Brocoli en rejilla - clasico - Caja de 5 packs de 1,75 kg",Brocoli en rejilla,Forma estable,Bastones clasicos - Sigilo,Bastones clasicos,Forma,8.75,"5 X 1,75 KG",5,1.75,f5067cc6a3b074ffb10fb6fb4be1e49b
BR0411,"5 bolsas de 2,5 kg | Mix crujiente de brocoli",Mix crujiente de brocoli,Forma estable,Bastones clasicos - Sigilo,Bastones clasicos,Forma,12.5,"5 X 2,5 KG",5,2.5,b2890b93821dc2fabaab0a8bdffc0ba8
BR0412,"Dippers de brocoli - clasico - Caja de 5 packs de 2,5 kg",Dippers de brocoli,Forma estable,Bastones clasicos - Sigilo,Bastones clasicos,Forma,12.5,"5 X 2,5 KG",5,2.5,b9398e343219088e12e38f6e5de941dd
BR0413,"BonsaiPremium Bastones rectos de brocoli 6x6 mm 5 x 2,5 kg | Ref F06",Bastones rectos de brocoli,Estacional,Bastones clasicos - Reserva Privada,Bastones clasicos,Fino,12.5,"5 X 2,5 KG",5,2.5,3280f8c61589426e9ce1efa28dcf44cf
BR0414,"Dippers de brocoli - clasico - Caja de 11 packs de 0,5 kg",Dippers de brocoli,Forma estable,Bastones clasicos - Sigilo,Bastones clasicos,Forma,8.25,"11 X 0,75 KG",11,0.75,dbb291248e849bc6807762eb48e5f5cf
BR0415,"Dippers de brocoli - clasico - Caja de 5 packs de 2,5 kg",Dippers de brocoli,Forma estable,Bastones clasicos - Sigilo,Bastones clasicos,Forma,12.5,"5 X 2,5 KG",5,2.5,4a996ddd03e81fc2dbda07eb0ca1135d
BR0416,"BonsaiVegetales Cubos de brocoli 5 x 2,5 kg",Cubos de brocoli,Forma estable,Guarniciones - Cubos,Guarniciones,Forma,12.5,"5 X 2,5 KG",5,2.5,dbb291248e849bc6807762eb48e5f5cf
BR0417,"Mix crujiente de brocoli - clasico - Caja de 11 packs de 0,75 kg",Mix crujiente de brocoli,Forma estable,Bastones clasicos - Sigilo,Bastones clasicos,Forma,8.25,"11 X 0,75 KG",11,0.75,d68bb9499fead9bc241623f072442bde
BR0418,"BonsaiGreen Mix crujiente de brocoli 11 x 0,75 kg",Mix crujiente de brocoli,Forma estable,Bastones clasicos - Sigilo,Bastones clasicos,Forma,8.25,"11 X 0,75 KG",11,0.75,d68bb9499fead9bc241623f072442bde
BR0419,"5 bolsas de 2,5 kg | Bastones rectos de brocoli 9x18 mm | Ref TUA",Bastones rectos de brocoli,Estacional,Bastones clasicos - Reserva Privada,Bastones clasicos,Corte steak,12.5,"5 X 2,5 KG",5,2.5,881d2510504c58b1ba4b294fb0c5fc6f
BR0420,"5 bolsas de 2,5 kg | Bastones rectos de brocoli 11x11 mm | Ref ADD",Bastones rectos de brocoli,Estacional,Bastones clasicos - Reserva Privada,Bastones clasicos,Medio,12.5,"5 X2,5 KG",5,,d2932d6ed51161bd7a1ea59210d291e9
BR0421,"5 bolsas de 2,5 kg | Bastones rectos de brocoli 9x9 mm | Ref 45W",Bastones rectos de brocoli,Estacional,Bastones clasicos - Reserva Privada,Bastones clasicos,Medio,12.5,"5 X 2,5 KG",5,2.5,c8c092bbf8da5f80452c66c38d27305f
